<ns1:ServiceDescription introduceVersion="1.2" xmlns:ns1="gme://gov.nih.nci.cagrid/1/Introduce">
 <ns2:Namespaces xsi:type="ns2:NamespacesType" xmlns:ns2="gme://gov.nih.nci.cagrid.introduce/1/Namespace" xmlns:xsi="http://www.w3.org/2001/XMLSchema-instance">
  <ns2:Namespace namespace="http://www.w3.org/2001/XMLSchema" xsi:type="ns2:NamespaceType">
   <ns2:SchemaElement type="anyType" xsi:type="ns2:SchemaElementType"/>
   <ns2:SchemaElement type="string" xsi:type="ns2:SchemaElementType"/>
   <ns2:SchemaElement type="boolean" xsi:type="ns2:SchemaElementType"/>
   <ns2:SchemaElement type="int" xsi:type="ns2:SchemaElementType"/>
   <ns2:SchemaElement type="integer" xsi:type="ns2:SchemaElementType"/>
   <ns2:SchemaElement type="decimal" xsi:type="ns2:SchemaElementType"/>
   <ns2:SchemaElement type="float" xsi:type="ns2:SchemaElementType"/>
   <ns2:SchemaElement type="double" xsi:type="ns2:SchemaElementType"/>
   <ns2:SchemaElement type="short" xsi:type="ns2:SchemaElementType"/>
   <ns2:SchemaElement type="long" xsi:type="ns2:SchemaElementType"/>
   <ns2:SchemaElement type="byte" xsi:type="ns2:SchemaElementType"/>
   <ns2:SchemaElement type="base64Binary" xsi:type="ns2:SchemaElementType"/>
   <ns2:SchemaElement type="dateTime" xsi:type="ns2:SchemaElementType"/>
   <ns2:SchemaElement type="date" xsi:type="ns2:SchemaElementType"/>
   <ns2:SchemaElement type="QName" xsi:type="ns2:SchemaElementType"/>
   <ns2:SchemaElement type="anySimpleType" xsi:type="ns2:SchemaElementType"/>
   <ns2:SchemaElement type="duration" xsi:type="ns2:SchemaElementType"/>
   <ns2:SchemaElement type="time" xsi:type="ns2:SchemaElementType"/>
   <ns2:SchemaElement type="gYearMonth" xsi:type="ns2:SchemaElementType"/>
   <ns2:SchemaElement type="gYear" xsi:type="ns2:SchemaElementType"/>
   <ns2:SchemaElement type="gMonthDay" xsi:type="ns2:SchemaElementType"/>
   <ns2:SchemaElement type="gDay" xsi:type="ns2:SchemaElementType"/>
   <ns2:SchemaElement type="gMonth" xsi:type="ns2:SchemaElementType"/>
   <ns2:SchemaElement type="hexBinary" xsi:type="ns2:SchemaElementType"/>
   <ns2:SchemaElement type="NOTATION" xsi:type="ns2:SchemaElementType"/>
   <ns2:SchemaElement type="anyURI" xsi:type="ns2:SchemaElementType"/>
   <ns2:SchemaElement type="normalizedString" xsi:type="ns2:SchemaElementType"/>
   <ns2:SchemaElement type="token" xsi:type="ns2:SchemaElementType"/>
   <ns2:SchemaElement type="nonPositiveInteger" xsi:type="ns2:SchemaElementType"/>
   <ns2:SchemaElement type="nonNegativeInteger" xsi:type="ns2:SchemaElementType"/>
   <ns2:SchemaElement type="language" xsi:type="ns2:SchemaElementType"/>
   <ns2:SchemaElement type="Name" xsi:type="ns2:SchemaElementType"/>
   <ns2:SchemaElement type="NMTOKEN" xsi:type="ns2:SchemaElementType"/>
   <ns2:SchemaElement type="negativeInteger" xsi:type="ns2:SchemaElementType"/>
   <ns2:SchemaElement type="unsignedLong" xsi:type="ns2:SchemaElementType"/>
   <ns2:SchemaElement type="positiveInteger" xsi:type="ns2:SchemaElementType"/>
   <ns2:SchemaElement type="NCName" xsi:type="ns2:SchemaElementType"/>
   <ns2:SchemaElement type="NMTOKENS" xsi:type="ns2:SchemaElementType"/>
   <ns2:SchemaElement type="unsignedInt" xsi:type="ns2:SchemaElementType"/>
   <ns2:SchemaElement type="ID" xsi:type="ns2:SchemaElementType"/>
   <ns2:SchemaElement type="IDREF" xsi:type="ns2:SchemaElementType"/>
   <ns2:SchemaElement type="ENTITY" xsi:type="ns2:SchemaElementType"/>
   <ns2:SchemaElement type="unsignedShort" xsi:type="ns2:SchemaElementType"/>
   <ns2:SchemaElement type="IDREFS" xsi:type="ns2:SchemaElementType"/>
   <ns2:SchemaElement type="ENTITIES" xsi:type="ns2:SchemaElementType"/>
   <ns2:SchemaElement type="unsignedByte" xsi:type="ns2:SchemaElementType"/>
  </ns2:Namespace>
  <ns2:Namespace location="./OmssaTypes.xsd" namespace="http://msi.umn.edu/tropix/proteomics/cagrid/Omssa/types" packageName="edu.umn.msi.tropix.proteomics.cagrid.omssa.stubs.types" xsi:type="ns2:NamespaceType">
   <ns2:SchemaElement type="OmssaReference" xsi:type="ns2:SchemaElementType"/>
  </ns2:Namespace>
  <ns2:Namespace generateStubs="false" location="./xsd/cagrid/types/security/security.xsd" namespace="gme://caGrid.caBIG/1.0/gov.nih.nci.cagrid.metadata.security" packageName="gov.nih.nci.cagrid.metadata.security" xsi:type="ns2:NamespaceType">
   <ns2:SchemaElement type="ServiceSecurityMetadata" xsi:type="ns2:SchemaElementType"/>
   <ns2:SchemaElement type="CommunicationMechanism" xsi:type="ns2:SchemaElementType"/>
   <ns2:SchemaElement type="Operation" xsi:type="ns2:SchemaElementType"/>
   <ns2:SchemaElement type="CommunicationStyle" xsi:type="ns2:SchemaElementType"/>
   <ns2:SchemaElement type="GSISecureMessage" xsi:type="ns2:SchemaElementType"/>
   <ns2:SchemaElement type="GSISecureConversation" xsi:type="ns2:SchemaElementType"/>
   <ns2:SchemaElement type="GSITransport" xsi:type="ns2:SchemaElementType"/>
   <ns2:SchemaElement type="None" xsi:type="ns2:SchemaElementType"/>
  </ns2:Namespace>
  <ns2:Namespace generateStubs="false" location="./xsd/cagrid/types/caGridMetadata.xsd" namespace="gme://caGrid.caBIG/1.0/gov.nih.nci.cagrid.metadata" packageName="gov.nih.nci.cagrid.metadata" xsi:type="ns2:NamespaceType">
   <ns2:SchemaElement type="ServiceMetadata" xsi:type="ns2:SchemaElementType"/>
  </ns2:Namespace>
  <ns2:Namespace generateStubs="false" location="./caGrid_Transfer.xsd" namespace="http://transfer.cagrid.org/Transfer" packageName="org.cagrid.transfer.descriptor" xsi:type="ns2:NamespaceType">
   <ns2:SchemaElement type="DataTransferDescriptor" xsi:type="ns2:SchemaElementType"/>
   <ns2:SchemaElement type="DataDescriptor" xsi:type="ns2:SchemaElementType"/>
   <ns2:SchemaElement type="Status" xsi:type="ns2:SchemaElementType"/>
   <ns2:SchemaElement type="DataStorageDescriptor" xsi:type="ns2:SchemaElementType"/>
  </ns2:Namespace>
  <ns2:Namespace generateStubs="false" location="./DelegatedCredentialTypes.xsd" namespace="http://cds.gaards.cagrid.org/CredentialDelegationService/DelegatedCredential/types" packageName="org.cagrid.gaards.cds.delegated.stubs.types" xsi:type="ns2:NamespaceType">
   <ns2:SchemaElement type="DelegatedCredentialReference" xsi:type="ns2:SchemaElementType"/>
  </ns2:Namespace>
  <ns2:Namespace generateStubs="false" location="./TransferServiceContextTypes.xsd" namespace="http://transfer.cagrid.org/TransferService/Context/types" packageName="org.cagrid.transfer.context.stubs.types" xsi:type="ns2:NamespaceType">
   <ns2:SchemaElement type="TransferServiceContextReference" xsi:type="ns2:SchemaElementType"/>
  </ns2:Namespace>
  <ns2:Namespace generateStubs="false" location="./jobQueueContextTicket.xsd" namespace="http://msi.umn.edu/tropix/common/jobqueue/ticket" packageName="edu.umn.msi.tropix.common.jobqueue.ticket" xsi:type="ns2:NamespaceType">
   <ns2:SchemaElement type="Ticket" xsi:type="ns2:SchemaElementType"/>
  </ns2:Namespace>
  <ns2:Namespace generateStubs="false" location="./queueStatus.xsd" namespace="http://msi.umn.edu/tropix/common/jobqueue/queueStatus" packageName="edu.umn.msi.tropix.common.jobqueue.queuestatus" xsi:type="ns2:NamespaceType">
   <ns2:SchemaElement type="QueueStatus" xsi:type="ns2:SchemaElementType"/>
  </ns2:Namespace>
  <ns2:Namespace generateStubs="false" location="./status.xsd" namespace="http://msi.umn.edu/tropix/common/jobqueue/status" packageName="edu.umn.msi.tropix.common.jobqueue.status" xsi:type="ns2:NamespaceType">
   <ns2:SchemaElement type="status" xsi:type="ns2:SchemaElementType"/>
   <ns2:SchemaElement type="estimatedPendingTime" xsi:type="ns2:SchemaElementType"/>
   <ns2:SchemaElement type="estimatedExecutionTime" xsi:type="ns2:SchemaElementType"/>
   <ns2:SchemaElement type="percentComplete" xsi:type="ns2:SchemaElementType"/>
   <ns2:SchemaElement type="queuePosition" xsi:type="ns2:SchemaElementType"/>
   <ns2:SchemaElement type="stage" xsi:type="ns2:SchemaElementType"/>
   <ns2:SchemaElement type="wasCancelled" xsi:type="ns2:SchemaElementType"/>
   <ns2:SchemaElement type="failureDescription" xsi:type="ns2:SchemaElementType"/>
   <ns2:SchemaElement type="extendedStatusEntry" xsi:type="ns2:SchemaElementType"/>
  </ns2:Namespace>
  <ns2:Namespace generateStubs="false" location="./transfer.xsd" namespace="http://msi.umn.edu/tropix/transfer" packageName="edu.umn.msi.tropix.transfer.types" xsi:type="ns2:NamespaceType">
   <ns2:SchemaElement type="transferResource" xsi:type="ns2:SchemaElementType"/>
   <ns2:SchemaElement type="caGridTransferResource" xsi:type="ns2:SchemaElementType"/>
   <ns2:SchemaElement type="gridFtpTransferResource" xsi:type="ns2:SchemaElementType"/>
   <ns2:SchemaElement type="httpTransferResource" xsi:type="ns2:SchemaElementType"/>
  </ns2:Namespace>
  <ns2:Namespace generateStubs="false" location="./credential_resource.xsd" namespace="http://msi.umn.edu/tropix/credential" packageName="edu.umn.msi.tropix.credential.types" xsi:type="ns2:NamespaceType">
   <ns2:SchemaElement type="credentialResource" xsi:type="ns2:SchemaElementType"/>
   <ns2:SchemaElement type="caGridDelegatedCredentialResource" xsi:type="ns2:SchemaElementType"/>
   <ns2:SchemaElement type="globusCredentialResource" xsi:type="ns2:SchemaElementType"/>
   <ns2:SchemaElement type="simpleCredentialResource" xsi:type="ns2:SchemaElementType"/>
  </ns2:Namespace>
  <ns2:Namespace location="../wsrf/lifetime/WS-ResourceLifetime.xsd" namespace="http://docs.oasis-open.org/wsrf/2004/06/wsrf-WS-ResourceLifetime-1.2-draft-01.xsd" packageName="org.oasis.wsrf.lifetime" xsi:type="ns2:NamespaceType">
   <ns2:SchemaElement type="CurrentTime" xsi:type="ns2:SchemaElementType"/>
   <ns2:SchemaElement type="TerminationTime" xsi:type="ns2:SchemaElementType"/>
   <ns2:SchemaElement type="TerminationNotification" xsi:type="ns2:SchemaElementType"/>
  </ns2:Namespace>
  <ns2:Namespace generateStubs="false" location="./OMSSA.xsd" namespace="http://www.ncbi.nlm.nih.gov" packageName="gov.nih.nlm.ncbi.omssa" xsi:type="ns2:NamespaceType">
   <ns2:SchemaElement type="NameValue" xsi:type="ns2:SchemaElementType"/>
   <ns2:SchemaElement type="MSSpectrum" xsi:type="ns2:SchemaElementType"/>
   <ns2:SchemaElement type="MSSpectrumset" xsi:type="ns2:SchemaElementType"/>
   <ns2:SchemaElement type="MSEnzymes" xsi:type="ns2:SchemaElementType"/>
   <ns2:SchemaElement type="MSMod" xsi:type="ns2:SchemaElementType"/>
   <ns2:SchemaElement type="MSModType" xsi:type="ns2:SchemaElementType"/>
   <ns2:SchemaElement type="MSMassSet" xsi:type="ns2:SchemaElementType"/>
   <ns2:SchemaElement type="MSModSpec" xsi:type="ns2:SchemaElementType"/>
   <ns2:SchemaElement type="MSModSpecSet" xsi:type="ns2:SchemaElementType"/>
   <ns2:SchemaElement type="MSCalcPlusOne" xsi:type="ns2:SchemaElementType"/>
   <ns2:SchemaElement type="MSCalcCharge" xsi:type="ns2:SchemaElementType"/>
   <ns2:SchemaElement type="MSChargeHandle" xsi:type="ns2:SchemaElementType"/>
   <ns2:SchemaElement type="MSSearchType" xsi:type="ns2:SchemaElementType"/>
   <ns2:SchemaElement type="MSZdependence" xsi:type="ns2:SchemaElementType"/>
   <ns2:SchemaElement type="MSIterativeSettings" xsi:type="ns2:SchemaElementType"/>
   <ns2:SchemaElement type="MSLibrarySettings" xsi:type="ns2:SchemaElementType"/>
   <ns2:SchemaElement type="MSSearchSettings" xsi:type="ns2:SchemaElementType"/>
   <ns2:SchemaElement type="MSSerialDataFormat" xsi:type="ns2:SchemaElementType"/>
   <ns2:SchemaElement type="MSOutFile" xsi:type="ns2:SchemaElementType"/>
   <ns2:SchemaElement type="MSSpectrumFileType" xsi:type="ns2:SchemaElementType"/>
   <ns2:SchemaElement type="MSInFile" xsi:type="ns2:SchemaElementType"/>
   <ns2:SchemaElement type="MSSearchSettingsSet" xsi:type="ns2:SchemaElementType"/>
   <ns2:SchemaElement type="MSRequest" xsi:type="ns2:SchemaElementType"/>
   <ns2:SchemaElement type="MSIonType" xsi:type="ns2:SchemaElementType"/>
   <ns2:SchemaElement type="MSIonNeutralLoss" xsi:type="ns2:SchemaElementType"/>
   <ns2:SchemaElement type="MSIonIsotopicType" xsi:type="ns2:SchemaElementType"/>
   <ns2:SchemaElement type="MSImmonium" xsi:type="ns2:SchemaElementType"/>
   <ns2:SchemaElement type="MSIon" xsi:type="ns2:SchemaElementType"/>
   <ns2:SchemaElement type="MSIonAnnot" xsi:type="ns2:SchemaElementType"/>
   <ns2:SchemaElement type="MSMZHit" xsi:type="ns2:SchemaElementType"/>
   <ns2:SchemaElement type="MSPepHit" xsi:type="ns2:SchemaElementType"/>
   <ns2:SchemaElement type="MSModHit" xsi:type="ns2:SchemaElementType"/>
   <ns2:SchemaElement type="MSScoreSet" xsi:type="ns2:SchemaElementType"/>
   <ns2:SchemaElement type="MSHits" xsi:type="ns2:SchemaElementType"/>
   <ns2:SchemaElement type="MSHitError" xsi:type="ns2:SchemaElementType"/>
   <ns2:SchemaElement type="MSUserAnnot" xsi:type="ns2:SchemaElementType"/>
   <ns2:SchemaElement type="MSHitSet" xsi:type="ns2:SchemaElementType"/>
   <ns2:SchemaElement type="MSResponseError" xsi:type="ns2:SchemaElementType"/>
   <ns2:SchemaElement type="MSBioseq" xsi:type="ns2:SchemaElementType"/>
   <ns2:SchemaElement type="MSBioseqSet" xsi:type="ns2:SchemaElementType"/>
   <ns2:SchemaElement type="MSResponse" xsi:type="ns2:SchemaElementType"/>
   <ns2:SchemaElement type="MSSearch" xsi:type="ns2:SchemaElementType"/>
   <ns2:SchemaElement type="Bioseq" xsi:type="ns2:SchemaElementType"/>
   <ns2:SchemaElement type="Seq-descr" xsi:type="ns2:SchemaElementType"/>
   <ns2:SchemaElement type="Seqdesc" xsi:type="ns2:SchemaElementType"/>
   <ns2:SchemaElement type="MolInfo" xsi:type="ns2:SchemaElementType"/>
   <ns2:SchemaElement type="GIBB-mol" xsi:type="ns2:SchemaElementType"/>
   <ns2:SchemaElement type="GIBB-mod" xsi:type="ns2:SchemaElementType"/>
   <ns2:SchemaElement type="GIBB-method" xsi:type="ns2:SchemaElementType"/>
   <ns2:SchemaElement type="Numbering" xsi:type="ns2:SchemaElementType"/>
   <ns2:SchemaElement type="Num-cont" xsi:type="ns2:SchemaElementType"/>
   <ns2:SchemaElement type="Num-enum" xsi:type="ns2:SchemaElementType"/>
   <ns2:SchemaElement type="Num-ref" xsi:type="ns2:SchemaElementType"/>
   <ns2:SchemaElement type="Num-real" xsi:type="ns2:SchemaElementType"/>
   <ns2:SchemaElement type="Pubdesc" xsi:type="ns2:SchemaElementType"/>
   <ns2:SchemaElement type="Heterogen" xsi:type="ns2:SchemaElementType"/>
   <ns2:SchemaElement type="Seq-inst" xsi:type="ns2:SchemaElementType"/>
   <ns2:SchemaElement type="Seq-ext" xsi:type="ns2:SchemaElementType"/>
   <ns2:SchemaElement type="Seg-ext" xsi:type="ns2:SchemaElementType"/>
   <ns2:SchemaElement type="Ref-ext" xsi:type="ns2:SchemaElementType"/>
   <ns2:SchemaElement type="Map-ext" xsi:type="ns2:SchemaElementType"/>
   <ns2:SchemaElement type="Delta-ext" xsi:type="ns2:SchemaElementType"/>
   <ns2:SchemaElement type="Delta-seq" xsi:type="ns2:SchemaElementType"/>
   <ns2:SchemaElement type="Seq-literal" xsi:type="ns2:SchemaElementType"/>
   <ns2:SchemaElement type="Seq-hist" xsi:type="ns2:SchemaElementType"/>
   <ns2:SchemaElement type="Seq-hist-rec" xsi:type="ns2:SchemaElementType"/>
   <ns2:SchemaElement type="Seq-data" xsi:type="ns2:SchemaElementType"/>
   <ns2:SchemaElement type="Seq-gap" xsi:type="ns2:SchemaElementType"/>
   <ns2:SchemaElement type="IUPACna" xsi:type="ns2:SchemaElementType"/>
   <ns2:SchemaElement type="IUPACaa" xsi:type="ns2:SchemaElementType"/>
   <ns2:SchemaElement type="NCBI2na" xsi:type="ns2:SchemaElementType"/>
   <ns2:SchemaElement type="NCBI4na" xsi:type="ns2:SchemaElementType"/>
   <ns2:SchemaElement type="NCBI8na" xsi:type="ns2:SchemaElementType"/>
   <ns2:SchemaElement type="NCBIpna" xsi:type="ns2:SchemaElementType"/>
   <ns2:SchemaElement type="NCBI8aa" xsi:type="ns2:SchemaElementType"/>
   <ns2:SchemaElement type="NCBIeaa" xsi:type="ns2:SchemaElementType"/>
   <ns2:SchemaElement type="NCBIpaa" xsi:type="ns2:SchemaElementType"/>
   <ns2:SchemaElement type="NCBIstdaa" xsi:type="ns2:SchemaElementType"/>
   <ns2:SchemaElement type="Textannot-id" xsi:type="ns2:SchemaElementType"/>
   <ns2:SchemaElement type="Annot-id" xsi:type="ns2:SchemaElementType"/>
   <ns2:SchemaElement type="Annot-descr" xsi:type="ns2:SchemaElementType"/>
   <ns2:SchemaElement type="Annotdesc" xsi:type="ns2:SchemaElementType"/>
   <ns2:SchemaElement type="Align-def" xsi:type="ns2:SchemaElementType"/>
   <ns2:SchemaElement type="Seq-annot" xsi:type="ns2:SchemaElementType"/>
   <ns2:SchemaElement type="Date" xsi:type="ns2:SchemaElementType"/>
   <ns2:SchemaElement type="Date-std" xsi:type="ns2:SchemaElementType"/>
   <ns2:SchemaElement type="Dbtag" xsi:type="ns2:SchemaElementType"/>
   <ns2:SchemaElement type="Object-id" xsi:type="ns2:SchemaElementType"/>
   <ns2:SchemaElement type="Person-id" xsi:type="ns2:SchemaElementType"/>
   <ns2:SchemaElement type="Name-std" xsi:type="ns2:SchemaElementType"/>
   <ns2:SchemaElement type="Int-fuzz" xsi:type="ns2:SchemaElementType"/>
   <ns2:SchemaElement type="User-object" xsi:type="ns2:SchemaElementType"/>
   <ns2:SchemaElement type="User-field" xsi:type="ns2:SchemaElementType"/>
   <ns2:SchemaElement type="BioSource" xsi:type="ns2:SchemaElementType"/>
   <ns2:SchemaElement type="PCRReactionSet" xsi:type="ns2:SchemaElementType"/>
   <ns2:SchemaElement type="PCRReaction" xsi:type="ns2:SchemaElementType"/>
   <ns2:SchemaElement type="PCRPrimerSet" xsi:type="ns2:SchemaElementType"/>
   <ns2:SchemaElement type="PCRPrimer" xsi:type="ns2:SchemaElementType"/>
   <ns2:SchemaElement type="PCRPrimerSeq" xsi:type="ns2:SchemaElementType"/>
   <ns2:SchemaElement type="PCRPrimerName" xsi:type="ns2:SchemaElementType"/>
   <ns2:SchemaElement type="SubSource" xsi:type="ns2:SchemaElementType"/>
   <ns2:SchemaElement type="Seq-id" xsi:type="ns2:SchemaElementType"/>
   <ns2:SchemaElement type="Patent-seq-id" xsi:type="ns2:SchemaElementType"/>
   <ns2:SchemaElement type="Textseq-id" xsi:type="ns2:SchemaElementType"/>
   <ns2:SchemaElement type="Giimport-id" xsi:type="ns2:SchemaElementType"/>
   <ns2:SchemaElement type="PDB-seq-id" xsi:type="ns2:SchemaElementType"/>
   <ns2:SchemaElement type="PDB-mol-id" xsi:type="ns2:SchemaElementType"/>
   <ns2:SchemaElement type="Seq-loc" xsi:type="ns2:SchemaElementType"/>
   <ns2:SchemaElement type="Seq-interval" xsi:type="ns2:SchemaElementType"/>
   <ns2:SchemaElement type="Packed-seqint" xsi:type="ns2:SchemaElementType"/>
   <ns2:SchemaElement type="Seq-point" xsi:type="ns2:SchemaElementType"/>
   <ns2:SchemaElement type="Packed-seqpnt" xsi:type="ns2:SchemaElementType"/>
   <ns2:SchemaElement type="Na-strand" xsi:type="ns2:SchemaElementType"/>
   <ns2:SchemaElement type="Seq-bond" xsi:type="ns2:SchemaElementType"/>
   <ns2:SchemaElement type="Seq-loc-mix" xsi:type="ns2:SchemaElementType"/>
   <ns2:SchemaElement type="Seq-loc-equiv" xsi:type="ns2:SchemaElementType"/>
   <ns2:SchemaElement type="ArticleId" xsi:type="ns2:SchemaElementType"/>
   <ns2:SchemaElement type="PubMedId" xsi:type="ns2:SchemaElementType"/>
   <ns2:SchemaElement type="MedlineUID" xsi:type="ns2:SchemaElementType"/>
   <ns2:SchemaElement type="DOI" xsi:type="ns2:SchemaElementType"/>
   <ns2:SchemaElement type="PII" xsi:type="ns2:SchemaElementType"/>
   <ns2:SchemaElement type="PmcID" xsi:type="ns2:SchemaElementType"/>
   <ns2:SchemaElement type="PmcPid" xsi:type="ns2:SchemaElementType"/>
   <ns2:SchemaElement type="PmPid" xsi:type="ns2:SchemaElementType"/>
   <ns2:SchemaElement type="ArticleIdSet" xsi:type="ns2:SchemaElementType"/>
   <ns2:SchemaElement type="PubStatus" xsi:type="ns2:SchemaElementType"/>
   <ns2:SchemaElement type="PubStatusDate" xsi:type="ns2:SchemaElementType"/>
   <ns2:SchemaElement type="PubStatusDateSet" xsi:type="ns2:SchemaElementType"/>
   <ns2:SchemaElement type="Cit-art" xsi:type="ns2:SchemaElementType"/>
   <ns2:SchemaElement type="Cit-jour" xsi:type="ns2:SchemaElementType"/>
   <ns2:SchemaElement type="Cit-book" xsi:type="ns2:SchemaElementType"/>
   <ns2:SchemaElement type="Cit-proc" xsi:type="ns2:SchemaElementType"/>
   <ns2:SchemaElement type="Cit-pat" xsi:type="ns2:SchemaElementType"/>
   <ns2:SchemaElement type="Patent-priority" xsi:type="ns2:SchemaElementType"/>
   <ns2:SchemaElement type="Id-pat" xsi:type="ns2:SchemaElementType"/>
   <ns2:SchemaElement type="Cit-let" xsi:type="ns2:SchemaElementType"/>
   <ns2:SchemaElement type="Cit-sub" xsi:type="ns2:SchemaElementType"/>
   <ns2:SchemaElement type="Cit-gen" xsi:type="ns2:SchemaElementType"/>
   <ns2:SchemaElement type="Auth-list" xsi:type="ns2:SchemaElementType"/>
   <ns2:SchemaElement type="Author" xsi:type="ns2:SchemaElementType"/>
   <ns2:SchemaElement type="Affil" xsi:type="ns2:SchemaElementType"/>
   <ns2:SchemaElement type="Title" xsi:type="ns2:SchemaElementType"/>
   <ns2:SchemaElement type="Imprint" xsi:type="ns2:SchemaElementType"/>
   <ns2:SchemaElement type="CitRetract" xsi:type="ns2:SchemaElementType"/>
   <ns2:SchemaElement type="Meeting" xsi:type="ns2:SchemaElementType"/>
   <ns2:SchemaElement type="Feat-id" xsi:type="ns2:SchemaElementType"/>
   <ns2:SchemaElement type="Seq-feat" xsi:type="ns2:SchemaElementType"/>
   <ns2:SchemaElement type="SeqFeatData" xsi:type="ns2:SchemaElementType"/>
   <ns2:SchemaElement type="SeqFeatXref" xsi:type="ns2:SchemaElementType"/>
   <ns2:SchemaElement type="Cdregion" xsi:type="ns2:SchemaElementType"/>
   <ns2:SchemaElement type="Genetic-code" xsi:type="ns2:SchemaElementType"/>
   <ns2:SchemaElement type="Code-break" xsi:type="ns2:SchemaElementType"/>
   <ns2:SchemaElement type="Genetic-code-table" xsi:type="ns2:SchemaElementType"/>
   <ns2:SchemaElement type="Imp-feat" xsi:type="ns2:SchemaElementType"/>
   <ns2:SchemaElement type="Gb-qual" xsi:type="ns2:SchemaElementType"/>
   <ns2:SchemaElement type="RNA-ref" xsi:type="ns2:SchemaElementType"/>
   <ns2:SchemaElement type="Trna-ext" xsi:type="ns2:SchemaElementType"/>
   <ns2:SchemaElement type="RNA-gen" xsi:type="ns2:SchemaElementType"/>
   <ns2:SchemaElement type="RNA-qual" xsi:type="ns2:SchemaElementType"/>
   <ns2:SchemaElement type="RNA-qual-set" xsi:type="ns2:SchemaElementType"/>
   <ns2:SchemaElement type="Rsite-ref" xsi:type="ns2:SchemaElementType"/>
   <ns2:SchemaElement type="SP-block" xsi:type="ns2:SchemaElementType"/>
   <ns2:SchemaElement type="Pub" xsi:type="ns2:SchemaElementType"/>
   <ns2:SchemaElement type="Pub-equiv" xsi:type="ns2:SchemaElementType"/>
   <ns2:SchemaElement type="Pub-set" xsi:type="ns2:SchemaElementType"/>
   <ns2:SchemaElement type="PRF-block" xsi:type="ns2:SchemaElementType"/>
   <ns2:SchemaElement type="PRF-ExtraSrc" xsi:type="ns2:SchemaElementType"/>
   <ns2:SchemaElement type="PIR-block" xsi:type="ns2:SchemaElementType"/>
   <ns2:SchemaElement type="Seq-graph" xsi:type="ns2:SchemaElementType"/>
   <ns2:SchemaElement type="Real-graph" xsi:type="ns2:SchemaElementType"/>
   <ns2:SchemaElement type="Int-graph" xsi:type="ns2:SchemaElementType"/>
   <ns2:SchemaElement type="Byte-graph" xsi:type="ns2:SchemaElementType"/>
   <ns2:SchemaElement type="SeqTable-column-info" xsi:type="ns2:SchemaElementType"/>
   <ns2:SchemaElement type="CommonString-table" xsi:type="ns2:SchemaElementType"/>
   <ns2:SchemaElement type="CommonBytes-table" xsi:type="ns2:SchemaElementType"/>
   <ns2:SchemaElement type="SeqTable-multi-data" xsi:type="ns2:SchemaElementType"/>
   <ns2:SchemaElement type="SeqTable-single-data" xsi:type="ns2:SchemaElementType"/>
   <ns2:SchemaElement type="SeqTable-sparse-index" xsi:type="ns2:SchemaElementType"/>
   <ns2:SchemaElement type="SeqTable-column" xsi:type="ns2:SchemaElementType"/>
   <ns2:SchemaElement type="Seq-table" xsi:type="ns2:SchemaElementType"/>
   <ns2:SchemaElement type="Txinit" xsi:type="ns2:SchemaElementType"/>
   <ns2:SchemaElement type="Tx-evidence" xsi:type="ns2:SchemaElementType"/>
   <ns2:SchemaElement type="Prot-ref" xsi:type="ns2:SchemaElementType"/>
   <ns2:SchemaElement type="EMBL-dbname" xsi:type="ns2:SchemaElementType"/>
   <ns2:SchemaElement type="EMBL-xref" xsi:type="ns2:SchemaElementType"/>
   <ns2:SchemaElement type="EMBL-block" xsi:type="ns2:SchemaElementType"/>
   <ns2:SchemaElement type="Seq-align-set" xsi:type="ns2:SchemaElementType"/>
   <ns2:SchemaElement type="Seq-align" xsi:type="ns2:SchemaElementType"/>
   <ns2:SchemaElement type="Dense-diag" xsi:type="ns2:SchemaElementType"/>
   <ns2:SchemaElement type="Dense-seg" xsi:type="ns2:SchemaElementType"/>
   <ns2:SchemaElement type="Packed-seg" xsi:type="ns2:SchemaElementType"/>
   <ns2:SchemaElement type="Std-seg" xsi:type="ns2:SchemaElementType"/>
   <ns2:SchemaElement type="Spliced-seg" xsi:type="ns2:SchemaElementType"/>
   <ns2:SchemaElement type="Spliced-seg-modifier" xsi:type="ns2:SchemaElementType"/>
   <ns2:SchemaElement type="Spliced-exon" xsi:type="ns2:SchemaElementType"/>
   <ns2:SchemaElement type="Product-pos" xsi:type="ns2:SchemaElementType"/>
   <ns2:SchemaElement type="Prot-pos" xsi:type="ns2:SchemaElementType"/>
   <ns2:SchemaElement type="Spliced-exon-chunk" xsi:type="ns2:SchemaElementType"/>
   <ns2:SchemaElement type="Splice-site" xsi:type="ns2:SchemaElementType"/>
   <ns2:SchemaElement type="Sparse-seg" xsi:type="ns2:SchemaElementType"/>
   <ns2:SchemaElement type="Sparse-align" xsi:type="ns2:SchemaElementType"/>
   <ns2:SchemaElement type="Sparse-seg-ext" xsi:type="ns2:SchemaElementType"/>
   <ns2:SchemaElement type="Score" xsi:type="ns2:SchemaElementType"/>
   <ns2:SchemaElement type="Score-set" xsi:type="ns2:SchemaElementType"/>
   <ns2:SchemaElement type="PDB-block" xsi:type="ns2:SchemaElementType"/>
   <ns2:SchemaElement type="PDB-replace" xsi:type="ns2:SchemaElementType"/>
   <ns2:SchemaElement type="Gene-ref" xsi:type="ns2:SchemaElementType"/>
   <ns2:SchemaElement type="Gene-nomenclature" xsi:type="ns2:SchemaElementType"/>
   <ns2:SchemaElement type="Org-ref" xsi:type="ns2:SchemaElementType"/>
   <ns2:SchemaElement type="OrgName" xsi:type="ns2:SchemaElementType"/>
   <ns2:SchemaElement type="OrgMod" xsi:type="ns2:SchemaElementType"/>
   <ns2:SchemaElement type="BinomialOrgName" xsi:type="ns2:SchemaElementType"/>
   <ns2:SchemaElement type="MultiOrgName" xsi:type="ns2:SchemaElementType"/>
   <ns2:SchemaElement type="PartialOrgName" xsi:type="ns2:SchemaElementType"/>
   <ns2:SchemaElement type="TaxElement" xsi:type="ns2:SchemaElementType"/>
   <ns2:SchemaElement type="Medline-entry" xsi:type="ns2:SchemaElementType"/>
   <ns2:SchemaElement type="Medline-mesh" xsi:type="ns2:SchemaElementType"/>
   <ns2:SchemaElement type="Medline-qual" xsi:type="ns2:SchemaElementType"/>
   <ns2:SchemaElement type="Medline-rn" xsi:type="ns2:SchemaElementType"/>
   <ns2:SchemaElement type="Medline-si" xsi:type="ns2:SchemaElementType"/>
   <ns2:SchemaElement type="Medline-field" xsi:type="ns2:SchemaElementType"/>
   <ns2:SchemaElement type="DocRef" xsi:type="ns2:SchemaElementType"/>
   <ns2:SchemaElement type="GB-block" xsi:type="ns2:SchemaElementType"/>
  </ns2:Namespace>
  <ns2:Namespace generateStubs="false" location="./proteinIdentificationMetadata.xsd" namespace="http://msi.umn.edu/tropix/proteomics/cagrid/metadata" packageName="edu.umn.msi.tropix.proteomics.cagrid.metadata" xsi:type="ns2:NamespaceType">
   <ns2:SchemaElement type="IdentificationMetadata" xsi:type="ns2:SchemaElementType"/>
  </ns2:Namespace>
  <ns2:Namespace location="./OmssaJobContextTypes.xsd" namespace="http://msi.umn.edu/tropix/proteomics/cagrid/Omssa/JobContext/types" packageName="edu.umn.msi.tropix.proteomics.cagrid.omssa.jobcontext.stubs.types" xsi:type="ns2:NamespaceType">
   <ns2:SchemaElement type="OmssaJobContextReference" xsi:type="ns2:SchemaElementType"/>
  </ns2:Namespace>
 </ns2:Namespaces>
 <ns3:Services xsi:type="ns3:ServicesType" xmlns:ns3="gme://gov.nih.nci.cagrid.introduce/1/Services" xmlns:xsi="http://www.w3.org/2001/XMLSchema-instance">
  <ns3:Service name="Omssa" namespace="http://msi.umn.edu/tropix/proteomics/cagrid/Omssa" packageName="edu.umn.msi.tropix.proteomics.cagrid.omssa" xsi:type="ns3:ServiceType">
   <ns4:Methods xsi:type="ns4:MethodsType" xmlns:ns4="gme://gov.nih.nci.cagrid.introduce/1/Methods">
    <ns4:Method isImported="true" isProvided="true" name="GetMultipleResourceProperties" xsi:type="ns4:MethodType">
     <ns4:Output qName="void" isArray="false"/>
     <ns4:ImportInformation fromIntroduce="false" inputMessage="ns5:GetMultipleResourcePropertiesRequest" namespace="http://docs.oasis-open.org/wsrf/2004/06/wsrf-WS-ResourceProperties-1.2-draft-01.wsdl" outputMessage="ns5:GetMultipleResourcePropertiesResponse" packageName="org.oasis.wsrf.properties" portTypeName="GetMultipleResourceProperties" wsdlFile="../wsrf/properties/WS-ResourceProperties.wsdl" xmlns:ns5="http://docs.oasis-open.org/wsrf/2004/06/wsrf-WS-ResourceProperties-1.2-draft-01.wsdl"/>
     <ns4:ProviderInformation providerClass="GetMRPProvider"/>
    </ns4:Method>
    <ns4:Method isImported="true" isProvided="true" name="GetResourceProperty" xsi:type="ns4:MethodType">
     <ns4:Output qName="void" isArray="false"/>
     <ns4:ImportInformation fromIntroduce="false" inputMessage="ns6:GetResourcePropertyRequest" namespace="http://docs.oasis-open.org/wsrf/2004/06/wsrf-WS-ResourceProperties-1.2-draft-01.wsdl" outputMessage="ns6:GetResourcePropertyResponse" packageName="org.oasis.wsrf.properties" portTypeName="GetResourceProperty" wsdlFile="../wsrf/properties/WS-ResourceProperties.wsdl" xmlns:ns6="http://docs.oasis-open.org/wsrf/2004/06/wsrf-WS-ResourceProperties-1.2-draft-01.wsdl"/>
     <ns4:ProviderInformation providerClass="GetRPProvider"/>
    </ns4:Method>
    <ns4:Method isImported="true" isProvided="true" name="QueryResourceProperties" xsi:type="ns4:MethodType">
     <ns4:Output qName="void" isArray="false"/>
     <ns4:ImportInformation fromIntroduce="false" inputMessage="ns7:QueryResourcePropertiesRequest" namespace="http://docs.oasis-open.org/wsrf/2004/06/wsrf-WS-ResourceProperties-1.2-draft-01.wsdl" outputMessage="ns7:QueryResourcePropertiesResponse" packageName="org.oasis.wsrf.properties" portTypeName="QueryResourceProperties" wsdlFile="../wsrf/properties/WS-ResourceProperties.wsdl" xmlns:ns7="http://docs.oasis-open.org/wsrf/2004/06/wsrf-WS-ResourceProperties-1.2-draft-01.wsdl"/>
     <ns4:ProviderInformation providerClass="QueryRPProvider"/>
    </ns4:Method>
    <ns4:Method isImported="true" isProvided="true" name="getServiceSecurityMetadata" xsi:type="ns4:MethodType">
     <ns4:Output qName="ns8:ServiceSecurityMetadata" isArray="false" isClientHandle="false" xmlns:ns8="gme://caGrid.caBIG/1.0/gov.nih.nci.cagrid.metadata.security"/>
     <ns9:MethodSecurity xsi:type="ns9:MethodSecurity" xmlns:ns9="gme://gov.nih.nci.cagrid.introduce/1/Security">
      <ns9:SecuritySetting xsi:type="ns9:SecuritySetting">None</ns9:SecuritySetting>
      <ns9:MethodAuthorization xsi:type="ns9:MethodAuthorization">
       <ns9:NoAuthorization xsi:type="ns9:NoAuthorization"/>
      </ns9:MethodAuthorization>
     </ns9:MethodSecurity>
     <ns4:ImportInformation namespace="http://security.introduce.cagrid.nci.nih.gov/ServiceSecurity" packageName="gov.nih.nci.cagrid.introduce.security.stubs" portTypeName="ServiceSecurityPortType" wsdlFile="ServiceSecurity.wsdl"/>
     <ns4:ProviderInformation providerClass="gov.nih.nci.cagrid.introduce.security.service.globus.ServiceSecurityProviderImpl"/>
    </ns4:Method>
    <ns4:Method isImported="false" isProvided="false" name="getJob" xsi:type="ns4:MethodType">
     <ns4:Inputs>
      <ns4:Input qName="ns10:Ticket" isArray="false" name="ticket" xmlns:ns10="http://msi.umn.edu/tropix/common/jobqueue/ticket"/>
     </ns4:Inputs>
     <ns4:Output qName="ns11:OmssaJobContextReference" clientHandleClass="edu.umn.msi.tropix.proteomics.cagrid.omssa.jobcontext.client.OmssaJobContextClient" isArray="false" isClientHandle="true" isCreatingResourceForClientHandle="true" resourceClientIntroduceServiceName="OmssaJobContext" xmlns:ns11="http://msi.umn.edu/tropix/proteomics/cagrid/Omssa/JobContext/types"/>
    </ns4:Method>
    <ns4:Method isImported="false" isProvided="false" name="createJob" xsi:type="ns4:MethodType">
     <ns4:Output qName="ns12:OmssaJobContextReference" clientHandleClass="edu.umn.msi.tropix.proteomics.cagrid.omssa.jobcontext.client.OmssaJobContextClient" isArray="false" isClientHandle="true" resourceClientIntroduceServiceName="OmssaJobContext" xmlns:ns12="http://msi.umn.edu/tropix/proteomics/cagrid/Omssa/JobContext/types"/>
    </ns4:Method>
    <ns4:Method description="" isImported="false" isProvided="false" name="getStatuses" xsi:type="ns4:MethodType">
     <ns4:Inputs>
      <ns4:Input qName="ns13:Ticket" description="" isArray="true" name="arg1" xmlns:ns13="http://msi.umn.edu/tropix/common/jobqueue/ticket"/>
     </ns4:Inputs>
     <ns4:Output qName="ns14:status" description="" isArray="true" xmlns:ns14="http://msi.umn.edu/tropix/common/jobqueue/status"/>
    </ns4:Method>
   </ns4:Methods>
   <ns15:ResourcePropertiesList xsi:type="ns15:ResourcePropertiesListType" xmlns:ns15="gme://gov.nih.nci.cagrid.introduce/1/Resources">
    <ns15:ResourceProperty qName="ns16:ServiceMetadata" fileLocation="serviceMetadata.xml" populateFromFile="true" register="true" xsi:type="ns15:ResourcePropertyType" xmlns:ns16="gme://caGrid.caBIG/1.0/gov.nih.nci.cagrid.metadata"/>
    <ns15:ResourceProperty qName="ns17:QueueStatus" populateFromFile="false" register="true" xsi:type="ns15:ResourcePropertyType" xmlns:ns17="http://msi.umn.edu/tropix/common/jobqueue/queueStatus"/>
    <ns15:ResourceProperty qName="ns18:IdentificationMetadata" description="" fileLocation="" populateFromFile="false" register="true" xsi:type="ns15:ResourcePropertyType" xmlns:ns18="http://msi.umn.edu/tropix/proteomics/cagrid/metadata"/>
   </ns15:ResourcePropertiesList>
   <ns3:ResourceFrameworkOptions xsi:type="ns3:ResourceFrameworkOptions">
    <ns3:Main xsi:type="ns3:Main"/>
    <ns3:Singleton xsi:type="ns3:Singleton"/>
    <ns3:Identifiable xsi:type="ns3:Identifiable"/>
    <ns3:ResourcePropertyManagement xsi:type="ns3:ResourcePropertyManagement"/>
   </ns3:ResourceFrameworkOptions>
  </ns3:Service>
  <ns3:Service name="OmssaJobContext" namespace="http://msi.umn.edu/tropix/proteomics/cagrid/Omssa/JobContext" packageName="edu.umn.msi.tropix.proteomics.cagrid.omssa.jobcontext" xsi:type="ns3:ServiceType">
   <ns19:Methods xsi:type="ns19:MethodsType" xmlns:ns19="gme://gov.nih.nci.cagrid.introduce/1/Methods">
    <ns19:Method isImported="true" isProvided="true" name="Destroy" xsi:type="ns19:MethodType">
     <ns19:Output qName="void" isArray="false"/>
     <ns19:ImportInformation fromIntroduce="false" inputMessage="ns20:DestroyRequest" namespace="http://docs.oasis-open.org/wsrf/2004/06/wsrf-WS-ResourceLifetime-1.2-draft-01.wsdl" outputMessage="ns20:DestroyResponse" packageName="org.oasis.wsrf.lifetime" portTypeName="ImmediateResourceTermination" wsdlFile="../wsrf/lifetime/WS-ResourceLifetime.wsdl" xmlns:ns20="http://docs.oasis-open.org/wsrf/2004/06/wsrf-WS-ResourceLifetime-1.2-draft-01.wsdl"/>
     <ns19:ProviderInformation providerClass="DestroyProvider"/>
    </ns19:Method>
    <ns19:Method isImported="true" isProvided="true" name="SetTerminationTime" xsi:type="ns19:MethodType">
     <ns19:Output qName="void" isArray="false"/>
     <ns19:ImportInformation fromIntroduce="false" inputMessage="ns21:SetTerminationTimeRequest" namespace="http://docs.oasis-open.org/wsrf/2004/06/wsrf-WS-ResourceLifetime-1.2-draft-01.wsdl" outputMessage="ns21:SetTerminationTimeResponse" packageName="org.oasis.wsrf.lifetime" portTypeName="ScheduledResourceTermination" wsdlFile="../wsrf/lifetime/WS-ResourceLifetime.wsdl" xmlns:ns21="http://docs.oasis-open.org/wsrf/2004/06/wsrf-WS-ResourceLifetime-1.2-draft-01.wsdl"/>
     <ns19:ProviderInformation providerClass="SetTerminationTimeProvider"/>
    </ns19:Method>
    <ns19:Method isImported="true" isProvided="true" name="getServiceSecurityMetadata" xsi:type="ns19:MethodType">
     <ns19:Output qName="ns22:ServiceSecurityMetadata" isArray="false" isClientHandle="false" xmlns:ns22="gme://caGrid.caBIG/1.0/gov.nih.nci.cagrid.metadata.security"/>
     <ns23:MethodSecurity xsi:type="ns23:MethodSecurity" xmlns:ns23="gme://gov.nih.nci.cagrid.introduce/1/Security">
      <ns23:SecuritySetting xsi:type="ns23:SecuritySetting">None</ns23:SecuritySetting>
      <ns23:MethodAuthorization xsi:type="ns23:MethodAuthorization">
       <ns23:NoAuthorization xsi:type="ns23:NoAuthorization"/>
      </ns23:MethodAuthorization>
     </ns23:MethodSecurity>
     <ns19:ImportInformation namespace="http://security.introduce.cagrid.nci.nih.gov/ServiceSecurity" packageName="gov.nih.nci.cagrid.introduce.security.stubs" portTypeName="ServiceSecurityPortType" wsdlFile="ServiceSecurity.wsdl"/>
     <ns19:ProviderInformation providerClass="gov.nih.nci.cagrid.introduce.security.service.globus.ServiceSecurityProviderImpl"/>
    </ns19:Method>
    <ns19:Method description="" isImported="false" isProvided="false" name="submitJob" xsi:type="ns19:MethodType">
     <ns19:Inputs>
      <ns19:Input qName="ns24:transferResource" description="" isArray="false" name="arg1" xmlns:ns24="http://msi.umn.edu/tropix/transfer"/>
      <ns19:Input qName="ns25:transferResource" description="" isArray="false" name="arg2" xmlns:ns25="http://msi.umn.edu/tropix/transfer"/>
      <ns19:Input qName="ns26:credentialResource" description="" isArray="false" name="arg3" xmlns:ns26="http://msi.umn.edu/tropix/credential"/>
      <ns19:Input qName="ns27:MSSearchSettings" description="" isArray="false" name="arg4" xmlns:ns27="http://www.ncbi.nlm.nih.gov"/>
      <ns19:Input qName="xsd:string" description="" isArray="false" name="arg5" xmlns:xsd="http://www.w3.org/2001/XMLSchema"/>
     </ns19:Inputs>
     <ns19:Output qName="void" description="" isArray="false"/>
    </ns19:Method>
    <ns19:Method description="" isImported="false" isProvided="false" name="getNumResults" xsi:type="ns19:MethodType">
     <ns19:Inputs/>
     <ns19:Output qName="xsd:int" description="" isArray="false" xmlns:xsd="http://www.w3.org/2001/XMLSchema"/>
    </ns19:Method>
    <ns19:Method description="" isImported="false" isProvided="false" name="getResults" xsi:type="ns19:MethodType">
     <ns19:Inputs>
      <ns19:Input qName="ns28:transferResource" description="" isArray="true" name="arg1" xmlns:ns28="http://msi.umn.edu/tropix/transfer"/>
      <ns19:Input qName="ns29:credentialResource" description="" isArray="false" name="arg2" xmlns:ns29="http://msi.umn.edu/tropix/credential"/>
     </ns19:Inputs>
     <ns19:Output qName="void" description="" isArray="false"/>
    </ns19:Method>
    <ns19:Method description="" isImported="false" isProvided="false" name="getStatus" xsi:type="ns19:MethodType">
     <ns19:Inputs/>
     <ns19:Output qName="ns30:status" description="" isArray="false" xmlns:ns30="http://msi.umn.edu/tropix/common/jobqueue/status"/>
    </ns19:Method>
    <ns19:Method description="" isImported="false" isProvided="false" name="getTicket" xsi:type="ns19:MethodType">
     <ns19:Inputs/>
     <ns19:Output qName="ns31:Ticket" description="" isArray="false" xmlns:ns31="http://msi.umn.edu/tropix/common/jobqueue/ticket"/>
    </ns19:Method>
    <ns19:Method description="" isImported="false" isProvided="false" name="cancel" xsi:type="ns19:MethodType">
     <ns19:Inputs/>
     <ns19:Output qName="void" description="" isArray="false"/>
    </ns19:Method>
   </ns19:Methods>
   <ns32:ResourcePropertiesList xsi:type="ns32:ResourcePropertiesListType" xmlns:ns32="gme://gov.nih.nci.cagrid.introduce/1/Resources">
    <ns32:ResourceProperty qName="ns33:CurrentTime" populateFromFile="false" register="false" xsi:type="ns32:ResourcePropertyType" xmlns:ns33="http://docs.oasis-open.org/wsrf/2004/06/wsrf-WS-ResourceLifetime-1.2-draft-01.xsd"/>
    <ns32:ResourceProperty qName="ns34:TerminationTime" populateFromFile="false" register="false" xsi:type="ns32:ResourcePropertyType" xmlns:ns34="http://docs.oasis-open.org/wsrf/2004/06/wsrf-WS-ResourceLifetime-1.2-draft-01.xsd"/>
    <ns32:ResourceProperty qName="ns35:Ticket" populateFromFile="false" register="true" xsi:type="ns32:ResourcePropertyType" xmlns:ns35="http://msi.umn.edu/tropix/common/jobqueue/ticket"/>
   </ns32:ResourcePropertiesList>
   <ns3:ResourceFrameworkOptions xsi:type="ns3:ResourceFrameworkOptions"/>
  </ns3:Service>
 </ns3:Services>
 <ns36:Extensions xsi:type="ns36:ExtensionsType" xmlns:ns36="gme://gov.nih.nci.cagrid.introduce/1/Extension" xmlns:xsi="http://www.w3.org/2001/XMLSchema-instance">
  <ns36:Extension name="cagrid_metadata" version="1.2" xsi:type="ns36:ExtensionType"/>
  <ns36:Extension name="jobqueue" xsi:type="ns36:ExtensionType"/>
  <ns36:Extension name="spring" xsi:type="ns36:ExtensionType"/>
 </ns36:Extensions>
 <ns37:ServiceProperties xmlns:ns37="gme://gov.nih.nci.cagrid.introduce/1/Property">
  <ns37:Property description="Location of Spring application context configuration file." isFromETC="true" key="applicationContext" value="applicationContext.xml"/>
 </ns37:ServiceProperties>
</ns1:ServiceDescription>
