<ns1:ServiceMetadata xmlns:ns1="gme://caGrid.caBIG/1.0/gov.nih.nci.cagrid.metadata">
 <ns1:serviceDescription>
  <ns2:Service description="" name="XTandem" version="1.2" xmlns:ns2="gme://caGrid.caBIG/1.0/gov.nih.nci.cagrid.metadata.service">
   <ns2:pointOfContactCollection>
    <ns3:PointOfContact affiliation="" email="" firstName="" lastName="" phoneNumber="" role="" xmlns:ns3="gme://caGrid.caBIG/1.0/gov.nih.nci.cagrid.metadata.common"/>
   </ns2:pointOfContactCollection>
   <ns2:serviceContextCollection>
    <ns2:ServiceContext description="" name="XTandem">
     <ns2:operationCollection>
      <ns2:Operation description="" name="GetMultipleResourceProperties">
       <ns2:inputParameterCollection/>
       <ns2:faultCollection/>
      </ns2:Operation>
      <ns2:Operation description="" name="GetResourceProperty">
       <ns2:inputParameterCollection/>
       <ns2:faultCollection/>
      </ns2:Operation>
      <ns2:Operation description="" name="QueryResourceProperties">
       <ns2:inputParameterCollection/>
       <ns2:faultCollection/>
      </ns2:Operation>
      <ns2:Operation description="" name="getServiceSecurityMetadata">
       <ns2:inputParameterCollection/>
       <ns2:Output qName="ns4:ServiceSecurityMetadata" dimensionality="1" isArray="false" xmlns:ns4="gme://caGrid.caBIG/1.0/gov.nih.nci.cagrid.metadata.security"/>
       <ns2:faultCollection/>
      </ns2:Operation>
      <ns2:Operation description="" name="getJob">
       <ns2:inputParameterCollection>
        <ns2:InputParameter qName="ns5:Ticket" dimensionality="1" index="0" isArray="false" isRequired="false" name="ticket" xmlns:ns5="http://msi.umn.edu/tropix/common/jobqueue/ticket"/>
       </ns2:inputParameterCollection>
       <ns2:Output qName="ns6:XTandemJobContextReference" dimensionality="1" isArray="false" xmlns:ns6="http://msi.umn.edu/tropix/proteomics/cagrid/XTandem/JobContext/types"/>
       <ns2:faultCollection/>
      </ns2:Operation>
      <ns2:Operation description="" name="createJob">
       <ns2:inputParameterCollection/>
       <ns2:Output qName="ns7:XTandemJobContextReference" dimensionality="1" isArray="false" xmlns:ns7="http://msi.umn.edu/tropix/proteomics/cagrid/XTandem/JobContext/types"/>
       <ns2:faultCollection/>
      </ns2:Operation>
      <ns2:Operation description="" name="getStatuses">
       <ns2:inputParameterCollection>
        <ns2:InputParameter qName="ns8:Ticket" dimensionality="1" index="0" isArray="true" isRequired="false" name="arg1" xmlns:ns8="http://msi.umn.edu/tropix/common/jobqueue/ticket"/>
       </ns2:inputParameterCollection>
       <ns2:Output qName="ns9:status" dimensionality="1" isArray="true" xmlns:ns9="http://msi.umn.edu/tropix/common/jobqueue/status"/>
       <ns2:faultCollection/>
      </ns2:Operation>
     </ns2:operationCollection>
     <ns2:contextPropertyCollection>
      <ns2:ContextProperty description="" name="{gme://caGrid.caBIG/1.0/gov.nih.nci.cagrid.metadata}ServiceMetadata"/>
      <ns2:ContextProperty description="" name="{http://msi.umn.edu/tropix/common/jobqueue/queueStatus}QueueStatus"/>
      <ns2:ContextProperty description="" name="{http://msi.umn.edu/tropix/proteomics/cagrid/metadata}IdentificationMetadata"/>
     </ns2:contextPropertyCollection>
    </ns2:ServiceContext>
    <ns2:ServiceContext description="" name="XTandemJobContext">
     <ns2:operationCollection>
      <ns2:Operation description="" name="Destroy">
       <ns2:inputParameterCollection/>
       <ns2:faultCollection/>
      </ns2:Operation>
      <ns2:Operation description="" name="SetTerminationTime">
       <ns2:inputParameterCollection/>
       <ns2:faultCollection/>
      </ns2:Operation>
      <ns2:Operation description="" name="getServiceSecurityMetadata">
       <ns2:inputParameterCollection/>
       <ns2:Output qName="ns10:ServiceSecurityMetadata" dimensionality="1" isArray="false" xmlns:ns10="gme://caGrid.caBIG/1.0/gov.nih.nci.cagrid.metadata.security"/>
       <ns2:faultCollection/>
      </ns2:Operation>
      <ns2:Operation description="" name="submitJob">
       <ns2:inputParameterCollection>
        <ns2:InputParameter qName="ns11:transferResource" dimensionality="1" index="0" isArray="false" isRequired="false" name="arg1" xmlns:ns11="http://msi.umn.edu/tropix/transfer"/>
        <ns2:InputParameter qName="ns12:transferResource" dimensionality="1" index="1" isArray="false" isRequired="false" name="arg2" xmlns:ns12="http://msi.umn.edu/tropix/transfer"/>
        <ns2:InputParameter qName="ns13:credentialResource" dimensionality="1" index="2" isArray="false" isRequired="false" name="arg3" xmlns:ns13="http://msi.umn.edu/tropix/credential"/>
        <ns2:InputParameter qName="ns14:XTandemParameters" dimensionality="1" index="3" isArray="false" isRequired="false" name="arg4" xmlns:ns14="gme://edu.umn.msi.tropix/0.1/edu.umn.msi.tropix.models.xtandem"/>
       </ns2:inputParameterCollection>
       <ns2:faultCollection/>
      </ns2:Operation>
      <ns2:Operation description="" name="getNumResults">
       <ns2:inputParameterCollection/>
       <ns2:Output qName="xsd:int" dimensionality="1" isArray="false" xmlns:xsd="http://www.w3.org/2001/XMLSchema"/>
       <ns2:faultCollection/>
      </ns2:Operation>
      <ns2:Operation description="" name="getResults">
       <ns2:inputParameterCollection>
        <ns2:InputParameter qName="ns15:transferResource" dimensionality="1" index="0" isArray="true" isRequired="false" name="arg1" xmlns:ns15="http://msi.umn.edu/tropix/transfer"/>
        <ns2:InputParameter qName="ns16:credentialResource" dimensionality="1" index="1" isArray="false" isRequired="false" name="arg2" xmlns:ns16="http://msi.umn.edu/tropix/credential"/>
       </ns2:inputParameterCollection>
       <ns2:faultCollection/>
      </ns2:Operation>
      <ns2:Operation description="" name="getStatus">
       <ns2:inputParameterCollection/>
       <ns2:Output qName="ns17:status" dimensionality="1" isArray="false" xmlns:ns17="http://msi.umn.edu/tropix/common/jobqueue/status"/>
       <ns2:faultCollection/>
      </ns2:Operation>
      <ns2:Operation description="" name="getTicket">
       <ns2:inputParameterCollection/>
       <ns2:Output qName="ns18:Ticket" dimensionality="1" isArray="false" xmlns:ns18="http://msi.umn.edu/tropix/common/jobqueue/ticket"/>
       <ns2:faultCollection/>
      </ns2:Operation>
      <ns2:Operation description="" name="cancel">
       <ns2:inputParameterCollection/>
       <ns2:faultCollection/>
      </ns2:Operation>
     </ns2:operationCollection>
     <ns2:contextPropertyCollection>
      <ns2:ContextProperty description="" name="{http://docs.oasis-open.org/wsrf/2004/06/wsrf-WS-ResourceLifetime-1.2-draft-01.xsd}CurrentTime"/>
      <ns2:ContextProperty description="" name="{http://docs.oasis-open.org/wsrf/2004/06/wsrf-WS-ResourceLifetime-1.2-draft-01.xsd}TerminationTime"/>
      <ns2:ContextProperty description="" name="{http://msi.umn.edu/tropix/common/jobqueue/ticket}Ticket"/>
     </ns2:contextPropertyCollection>
    </ns2:ServiceContext>
   </ns2:serviceContextCollection>
   <ns19:SemanticMetadata conceptCode="C63541" conceptDefinition="A service available on a system that coordinates resources that are not subject to central control, using open, general purpose protocols and interfaces to deliver nontrivial qualities of services." conceptName="Grid Service" order="0" xmlns:ns19="gme://caGrid.caBIG/1.0/gov.nih.nci.cagrid.metadata.common"/>
   <ns20:SemanticMetadata conceptCode="C63543" conceptDefinition="A published API which receives data in the form of objects, performs computations based upon the input data, and returns information to a client via caGrid in the form of one or more objects." conceptName="Analytical Grid Service" order="1" xmlns:ns20="gme://caGrid.caBIG/1.0/gov.nih.nci.cagrid.metadata.common"/>
  </ns2:Service>
 </ns1:serviceDescription>
 <ns1:hostingResearchCenter>
  <ns21:ResearchCenter displayName="" shortName="" xmlns:ns21="gme://caGrid.caBIG/1.0/gov.nih.nci.cagrid.metadata.common">
   <ns21:Address country="" locality="" postalCode="" stateProvince="" street1="" street2=""/>
   <ns21:pointOfContactCollection>
    <ns21:PointOfContact affiliation="" email="" firstName="" lastName="" phoneNumber="" role=""/>
   </ns21:pointOfContactCollection>
  </ns21:ResearchCenter>
 </ns1:hostingResearchCenter>
</ns1:ServiceMetadata>
