<project name="run-tools file" basedir="." default="runClient">
     <target name="runClient" depends="checkGlobus, defineClasspaths" description="Run the sample Client">
        <property name="service.url" value="http://localhost:8080/wsrf/services/cagrid/Sequest" />
        <property name="runclasspath" refid="run.classpath"/>
        <echo message="Connecting to service: ${service.url}" />
        <java failonerror="true" classname="edu.umn.msi.tropix.proteomics.cagrid.sequest.client.SequestClient" classpathref="run.classpath" fork="yes">
            <jvmarg value="-DGLOBUS_LOCATION=${ext.globus.dir}" />
            <arg value="-url" />
            <arg value="${service.url}" />
        </java>
    </target>
</project>