<ns1:ServiceDescription introduceVersion="1.2" xmlns:ns1="gme://gov.nih.nci.cagrid/1/Introduce">
 <ns2:Namespaces xsi:type="ns2:NamespacesType" xmlns:ns2="gme://gov.nih.nci.cagrid.introduce/1/Namespace" xmlns:xsi="http://www.w3.org/2001/XMLSchema-instance">
  <ns2:Namespace namespace="http://www.w3.org/2001/XMLSchema" xsi:type="ns2:NamespaceType">
   <ns2:SchemaElement type="anyType" xsi:type="ns2:SchemaElementType"/>
   <ns2:SchemaElement type="string" xsi:type="ns2:SchemaElementType"/>
   <ns2:SchemaElement type="boolean" xsi:type="ns2:SchemaElementType"/>
   <ns2:SchemaElement type="int" xsi:type="ns2:SchemaElementType"/>
   <ns2:SchemaElement type="integer" xsi:type="ns2:SchemaElementType"/>
   <ns2:SchemaElement type="decimal" xsi:type="ns2:SchemaElementType"/>
   <ns2:SchemaElement type="float" xsi:type="ns2:SchemaElementType"/>
   <ns2:SchemaElement type="double" xsi:type="ns2:SchemaElementType"/>
   <ns2:SchemaElement type="short" xsi:type="ns2:SchemaElementType"/>
   <ns2:SchemaElement type="long" xsi:type="ns2:SchemaElementType"/>
   <ns2:SchemaElement type="byte" xsi:type="ns2:SchemaElementType"/>
   <ns2:SchemaElement type="base64Binary" xsi:type="ns2:SchemaElementType"/>
   <ns2:SchemaElement type="dateTime" xsi:type="ns2:SchemaElementType"/>
   <ns2:SchemaElement type="date" xsi:type="ns2:SchemaElementType"/>
   <ns2:SchemaElement type="QName" xsi:type="ns2:SchemaElementType"/>
   <ns2:SchemaElement type="anySimpleType" xsi:type="ns2:SchemaElementType"/>
   <ns2:SchemaElement type="duration" xsi:type="ns2:SchemaElementType"/>
   <ns2:SchemaElement type="time" xsi:type="ns2:SchemaElementType"/>
   <ns2:SchemaElement type="gYearMonth" xsi:type="ns2:SchemaElementType"/>
   <ns2:SchemaElement type="gYear" xsi:type="ns2:SchemaElementType"/>
   <ns2:SchemaElement type="gMonthDay" xsi:type="ns2:SchemaElementType"/>
   <ns2:SchemaElement type="gDay" xsi:type="ns2:SchemaElementType"/>
   <ns2:SchemaElement type="gMonth" xsi:type="ns2:SchemaElementType"/>
   <ns2:SchemaElement type="hexBinary" xsi:type="ns2:SchemaElementType"/>
   <ns2:SchemaElement type="NOTATION" xsi:type="ns2:SchemaElementType"/>
   <ns2:SchemaElement type="anyURI" xsi:type="ns2:SchemaElementType"/>
   <ns2:SchemaElement type="normalizedString" xsi:type="ns2:SchemaElementType"/>
   <ns2:SchemaElement type="token" xsi:type="ns2:SchemaElementType"/>
   <ns2:SchemaElement type="nonPositiveInteger" xsi:type="ns2:SchemaElementType"/>
   <ns2:SchemaElement type="nonNegativeInteger" xsi:type="ns2:SchemaElementType"/>
   <ns2:SchemaElement type="language" xsi:type="ns2:SchemaElementType"/>
   <ns2:SchemaElement type="Name" xsi:type="ns2:SchemaElementType"/>
   <ns2:SchemaElement type="NMTOKEN" xsi:type="ns2:SchemaElementType"/>
   <ns2:SchemaElement type="negativeInteger" xsi:type="ns2:SchemaElementType"/>
   <ns2:SchemaElement type="unsignedLong" xsi:type="ns2:SchemaElementType"/>
   <ns2:SchemaElement type="positiveInteger" xsi:type="ns2:SchemaElementType"/>
   <ns2:SchemaElement type="NCName" xsi:type="ns2:SchemaElementType"/>
   <ns2:SchemaElement type="NMTOKENS" xsi:type="ns2:SchemaElementType"/>
   <ns2:SchemaElement type="unsignedInt" xsi:type="ns2:SchemaElementType"/>
   <ns2:SchemaElement type="ID" xsi:type="ns2:SchemaElementType"/>
   <ns2:SchemaElement type="IDREF" xsi:type="ns2:SchemaElementType"/>
   <ns2:SchemaElement type="ENTITY" xsi:type="ns2:SchemaElementType"/>
   <ns2:SchemaElement type="unsignedShort" xsi:type="ns2:SchemaElementType"/>
   <ns2:SchemaElement type="IDREFS" xsi:type="ns2:SchemaElementType"/>
   <ns2:SchemaElement type="ENTITIES" xsi:type="ns2:SchemaElementType"/>
   <ns2:SchemaElement type="unsignedByte" xsi:type="ns2:SchemaElementType"/>
  </ns2:Namespace>
  <ns2:Namespace location="./IdPickerTypes.xsd" namespace="http://msi.umn.edu/tropix/proteomics/cagrid/IdPicker/types" packageName="edu.umn.msi.tropix.proteomics.cagrid.idpicker.stubs.types" xsi:type="ns2:NamespaceType">
   <ns2:SchemaElement type="IdPickerReference" xsi:type="ns2:SchemaElementType"/>
  </ns2:Namespace>
  <ns2:Namespace generateStubs="false" location="./xsd/cagrid/types/security/security.xsd" namespace="gme://caGrid.caBIG/1.0/gov.nih.nci.cagrid.metadata.security" packageName="gov.nih.nci.cagrid.metadata.security" xsi:type="ns2:NamespaceType">
   <ns2:SchemaElement type="ServiceSecurityMetadata" xsi:type="ns2:SchemaElementType"/>
   <ns2:SchemaElement type="CommunicationMechanism" xsi:type="ns2:SchemaElementType"/>
   <ns2:SchemaElement type="Operation" xsi:type="ns2:SchemaElementType"/>
   <ns2:SchemaElement type="CommunicationStyle" xsi:type="ns2:SchemaElementType"/>
   <ns2:SchemaElement type="GSISecureMessage" xsi:type="ns2:SchemaElementType"/>
   <ns2:SchemaElement type="GSISecureConversation" xsi:type="ns2:SchemaElementType"/>
   <ns2:SchemaElement type="GSITransport" xsi:type="ns2:SchemaElementType"/>
   <ns2:SchemaElement type="None" xsi:type="ns2:SchemaElementType"/>
  </ns2:Namespace>
  <ns2:Namespace generateStubs="false" location="./xsd/cagrid/types/caGridMetadata.xsd" namespace="gme://caGrid.caBIG/1.0/gov.nih.nci.cagrid.metadata" packageName="gov.nih.nci.cagrid.metadata" xsi:type="ns2:NamespaceType">
   <ns2:SchemaElement type="ServiceMetadata" xsi:type="ns2:SchemaElementType"/>
  </ns2:Namespace>
  <ns2:Namespace generateStubs="false" location="./caGrid_Transfer.xsd" namespace="http://transfer.cagrid.org/Transfer" packageName="org.cagrid.transfer.descriptor" xsi:type="ns2:NamespaceType">
   <ns2:SchemaElement type="DataTransferDescriptor" xsi:type="ns2:SchemaElementType"/>
   <ns2:SchemaElement type="DataDescriptor" xsi:type="ns2:SchemaElementType"/>
   <ns2:SchemaElement type="Status" xsi:type="ns2:SchemaElementType"/>
   <ns2:SchemaElement type="DataStorageDescriptor" xsi:type="ns2:SchemaElementType"/>
  </ns2:Namespace>
  <ns2:Namespace generateStubs="false" location="./DelegatedCredentialTypes.xsd" namespace="http://cds.gaards.cagrid.org/CredentialDelegationService/DelegatedCredential/types" packageName="org.cagrid.gaards.cds.delegated.stubs.types" xsi:type="ns2:NamespaceType">
   <ns2:SchemaElement type="DelegatedCredentialReference" xsi:type="ns2:SchemaElementType"/>
  </ns2:Namespace>
  <ns2:Namespace generateStubs="false" location="./TransferServiceContextTypes.xsd" namespace="http://transfer.cagrid.org/TransferService/Context/types" packageName="org.cagrid.transfer.context.stubs.types" xsi:type="ns2:NamespaceType">
   <ns2:SchemaElement type="TransferServiceContextReference" xsi:type="ns2:SchemaElementType"/>
  </ns2:Namespace>
  <ns2:Namespace generateStubs="false" location="./jobQueueContextTicket.xsd" namespace="http://msi.umn.edu/tropix/common/jobqueue/ticket" packageName="edu.umn.msi.tropix.common.jobqueue.ticket" xsi:type="ns2:NamespaceType">
   <ns2:SchemaElement type="Ticket" xsi:type="ns2:SchemaElementType"/>
  </ns2:Namespace>
  <ns2:Namespace generateStubs="false" location="./queueStatus.xsd" namespace="http://msi.umn.edu/tropix/common/jobqueue/queueStatus" packageName="edu.umn.msi.tropix.common.jobqueue.queuestatus" xsi:type="ns2:NamespaceType">
   <ns2:SchemaElement type="QueueStatus" xsi:type="ns2:SchemaElementType"/>
  </ns2:Namespace>
  <ns2:Namespace generateStubs="false" location="./status.xsd" namespace="http://msi.umn.edu/tropix/common/jobqueue/status" packageName="edu.umn.msi.tropix.common.jobqueue.status" xsi:type="ns2:NamespaceType">
   <ns2:SchemaElement type="status" xsi:type="ns2:SchemaElementType"/>
   <ns2:SchemaElement type="estimatedPendingTime" xsi:type="ns2:SchemaElementType"/>
   <ns2:SchemaElement type="estimatedExecutionTime" xsi:type="ns2:SchemaElementType"/>
   <ns2:SchemaElement type="percentComplete" xsi:type="ns2:SchemaElementType"/>
   <ns2:SchemaElement type="queuePosition" xsi:type="ns2:SchemaElementType"/>
   <ns2:SchemaElement type="stage" xsi:type="ns2:SchemaElementType"/>
   <ns2:SchemaElement type="wasCancelled" xsi:type="ns2:SchemaElementType"/>
   <ns2:SchemaElement type="failureDescription" xsi:type="ns2:SchemaElementType"/>
   <ns2:SchemaElement type="extendedStatusEntry" xsi:type="ns2:SchemaElementType"/>
  </ns2:Namespace>
  <ns2:Namespace generateStubs="false" location="./transfer.xsd" namespace="http://msi.umn.edu/tropix/transfer" packageName="edu.umn.msi.tropix.transfer.types" xsi:type="ns2:NamespaceType">
   <ns2:SchemaElement type="transferResource" xsi:type="ns2:SchemaElementType"/>
   <ns2:SchemaElement type="caGridTransferResource" xsi:type="ns2:SchemaElementType"/>
   <ns2:SchemaElement type="gridFtpTransferResource" xsi:type="ns2:SchemaElementType"/>
   <ns2:SchemaElement type="httpTransferResource" xsi:type="ns2:SchemaElementType"/>
  </ns2:Namespace>
  <ns2:Namespace generateStubs="false" location="./credential_resource.xsd" namespace="http://msi.umn.edu/tropix/credential" packageName="edu.umn.msi.tropix.credential.types" xsi:type="ns2:NamespaceType">
   <ns2:SchemaElement type="credentialResource" xsi:type="ns2:SchemaElementType"/>
   <ns2:SchemaElement type="caGridDelegatedCredentialResource" xsi:type="ns2:SchemaElementType"/>
   <ns2:SchemaElement type="globusCredentialResource" xsi:type="ns2:SchemaElementType"/>
   <ns2:SchemaElement type="simpleCredentialResource" xsi:type="ns2:SchemaElementType"/>
  </ns2:Namespace>
  <ns2:Namespace location="../wsrf/lifetime/WS-ResourceLifetime.xsd" namespace="http://docs.oasis-open.org/wsrf/2004/06/wsrf-WS-ResourceLifetime-1.2-draft-01.xsd" packageName="org.oasis.wsrf.lifetime" xsi:type="ns2:NamespaceType">
   <ns2:SchemaElement type="CurrentTime" xsi:type="ns2:SchemaElementType"/>
   <ns2:SchemaElement type="TerminationTime" xsi:type="ns2:SchemaElementType"/>
   <ns2:SchemaElement type="TerminationNotification" xsi:type="ns2:SchemaElementType"/>
  </ns2:Namespace>
  <ns2:Namespace generateStubs="false" location="./idpicker_parameters.xsd" namespace="http://msi.umn.edu/tropix/proteomics/idpicker/parameters" packageName="edu.umn.msi.tropix.proteomics.idpicker.parameters" xsi:type="ns2:NamespaceType">
   <ns2:SchemaElement type="IdPickerParameters" xsi:type="ns2:SchemaElementType"/>
  </ns2:Namespace>
  <ns2:Namespace location="./IdPickerJobContextTypes.xsd" namespace="http://msi.umn.edu/tropix/proteomics/cagrid/IdPicker/JobContext/types" packageName="edu.umn.msi.tropix.proteomics.cagrid.idpicker.jobcontext.stubs.types" xsi:type="ns2:NamespaceType">
   <ns2:SchemaElement type="IdPickerJobContextReference" xsi:type="ns2:SchemaElementType"/>
  </ns2:Namespace>
 </ns2:Namespaces>
 <ns3:Services xsi:type="ns3:ServicesType" xmlns:ns3="gme://gov.nih.nci.cagrid.introduce/1/Services" xmlns:xsi="http://www.w3.org/2001/XMLSchema-instance">
  <ns3:Service name="IdPicker" namespace="http://msi.umn.edu/tropix/proteomics/cagrid/IdPicker" packageName="edu.umn.msi.tropix.proteomics.cagrid.idpicker" xsi:type="ns3:ServiceType">
   <ns4:Methods xsi:type="ns4:MethodsType" xmlns:ns4="gme://gov.nih.nci.cagrid.introduce/1/Methods">
    <ns4:Method isImported="true" isProvided="true" name="GetMultipleResourceProperties" xsi:type="ns4:MethodType">
     <ns4:Output qName="void" isArray="false"/>
     <ns4:ImportInformation fromIntroduce="false" inputMessage="ns5:GetMultipleResourcePropertiesRequest" namespace="http://docs.oasis-open.org/wsrf/2004/06/wsrf-WS-ResourceProperties-1.2-draft-01.wsdl" outputMessage="ns5:GetMultipleResourcePropertiesResponse" packageName="org.oasis.wsrf.properties" portTypeName="GetMultipleResourceProperties" wsdlFile="../wsrf/properties/WS-ResourceProperties.wsdl" xmlns:ns5="http://docs.oasis-open.org/wsrf/2004/06/wsrf-WS-ResourceProperties-1.2-draft-01.wsdl"/>
     <ns4:ProviderInformation providerClass="GetMRPProvider"/>
    </ns4:Method>
    <ns4:Method isImported="true" isProvided="true" name="GetResourceProperty" xsi:type="ns4:MethodType">
     <ns4:Output qName="void" isArray="false"/>
     <ns4:ImportInformation fromIntroduce="false" inputMessage="ns6:GetResourcePropertyRequest" namespace="http://docs.oasis-open.org/wsrf/2004/06/wsrf-WS-ResourceProperties-1.2-draft-01.wsdl" outputMessage="ns6:GetResourcePropertyResponse" packageName="org.oasis.wsrf.properties" portTypeName="GetResourceProperty" wsdlFile="../wsrf/properties/WS-ResourceProperties.wsdl" xmlns:ns6="http://docs.oasis-open.org/wsrf/2004/06/wsrf-WS-ResourceProperties-1.2-draft-01.wsdl"/>
     <ns4:ProviderInformation providerClass="GetRPProvider"/>
    </ns4:Method>
    <ns4:Method isImported="true" isProvided="true" name="QueryResourceProperties" xsi:type="ns4:MethodType">
     <ns4:Output qName="void" isArray="false"/>
     <ns4:ImportInformation fromIntroduce="false" inputMessage="ns7:QueryResourcePropertiesRequest" namespace="http://docs.oasis-open.org/wsrf/2004/06/wsrf-WS-ResourceProperties-1.2-draft-01.wsdl" outputMessage="ns7:QueryResourcePropertiesResponse" packageName="org.oasis.wsrf.properties" portTypeName="QueryResourceProperties" wsdlFile="../wsrf/properties/WS-ResourceProperties.wsdl" xmlns:ns7="http://docs.oasis-open.org/wsrf/2004/06/wsrf-WS-ResourceProperties-1.2-draft-01.wsdl"/>
     <ns4:ProviderInformation providerClass="QueryRPProvider"/>
    </ns4:Method>
    <ns4:Method isImported="true" isProvided="true" name="getServiceSecurityMetadata" xsi:type="ns4:MethodType">
     <ns4:Output qName="ns8:ServiceSecurityMetadata" isArray="false" isClientHandle="false" xmlns:ns8="gme://caGrid.caBIG/1.0/gov.nih.nci.cagrid.metadata.security"/>
     <ns9:MethodSecurity xsi:type="ns9:MethodSecurity" xmlns:ns9="gme://gov.nih.nci.cagrid.introduce/1/Security">
      <ns9:SecuritySetting xsi:type="ns9:SecuritySetting">None</ns9:SecuritySetting>
      <ns9:MethodAuthorization xsi:type="ns9:MethodAuthorization">
       <ns9:NoAuthorization xsi:type="ns9:NoAuthorization"/>
      </ns9:MethodAuthorization>
     </ns9:MethodSecurity>
     <ns4:ImportInformation namespace="http://security.introduce.cagrid.nci.nih.gov/ServiceSecurity" packageName="gov.nih.nci.cagrid.introduce.security.stubs" portTypeName="ServiceSecurityPortType" wsdlFile="ServiceSecurity.wsdl"/>
     <ns4:ProviderInformation providerClass="gov.nih.nci.cagrid.introduce.security.service.globus.ServiceSecurityProviderImpl"/>
    </ns4:Method>
    <ns4:Method isImported="false" isProvided="false" name="getJob" xsi:type="ns4:MethodType">
     <ns4:Inputs>
      <ns4:Input qName="ns10:Ticket" isArray="false" name="ticket" xmlns:ns10="http://msi.umn.edu/tropix/common/jobqueue/ticket"/>
     </ns4:Inputs>
     <ns4:Output qName="ns11:IdPickerJobContextReference" clientHandleClass="edu.umn.msi.tropix.proteomics.cagrid.idpicker.jobcontext.client.IdPickerJobContextClient" isArray="false" isClientHandle="true" isCreatingResourceForClientHandle="true" resourceClientIntroduceServiceName="IdPickerJobContext" xmlns:ns11="http://msi.umn.edu/tropix/proteomics/cagrid/IdPicker/JobContext/types"/>
    </ns4:Method>
    <ns4:Method isImported="false" isProvided="false" name="createJob" xsi:type="ns4:MethodType">
     <ns4:Output qName="ns12:IdPickerJobContextReference" clientHandleClass="edu.umn.msi.tropix.proteomics.cagrid.idpicker.jobcontext.client.IdPickerJobContextClient" isArray="false" isClientHandle="true" resourceClientIntroduceServiceName="IdPickerJobContext" xmlns:ns12="http://msi.umn.edu/tropix/proteomics/cagrid/IdPicker/JobContext/types"/>
    </ns4:Method>
    <ns4:Method description="" isImported="false" isProvided="false" name="getStatuses" xsi:type="ns4:MethodType">
     <ns4:Inputs>
      <ns4:Input qName="ns13:Ticket" description="" isArray="true" name="arg1" xmlns:ns13="http://msi.umn.edu/tropix/common/jobqueue/ticket"/>
     </ns4:Inputs>
     <ns4:Output qName="ns14:status" description="" isArray="true" xmlns:ns14="http://msi.umn.edu/tropix/common/jobqueue/status"/>
    </ns4:Method>
   </ns4:Methods>
   <ns15:ResourcePropertiesList xsi:type="ns15:ResourcePropertiesListType" xmlns:ns15="gme://gov.nih.nci.cagrid.introduce/1/Resources">
    <ns15:ResourceProperty qName="ns16:ServiceMetadata" fileLocation="serviceMetadata.xml" populateFromFile="true" register="true" xsi:type="ns15:ResourcePropertyType" xmlns:ns16="gme://caGrid.caBIG/1.0/gov.nih.nci.cagrid.metadata"/>
    <ns15:ResourceProperty qName="ns17:QueueStatus" populateFromFile="false" register="true" xsi:type="ns15:ResourcePropertyType" xmlns:ns17="http://msi.umn.edu/tropix/common/jobqueue/queueStatus"/>
   </ns15:ResourcePropertiesList>
   <ns3:ResourceFrameworkOptions xsi:type="ns3:ResourceFrameworkOptions">
    <ns3:Main xsi:type="ns3:Main"/>
    <ns3:Singleton xsi:type="ns3:Singleton"/>
    <ns3:Identifiable xsi:type="ns3:Identifiable"/>
    <ns3:ResourcePropertyManagement xsi:type="ns3:ResourcePropertyManagement"/>
   </ns3:ResourceFrameworkOptions>
  </ns3:Service>
  <ns3:Service name="IdPickerJobContext" namespace="http://msi.umn.edu/tropix/proteomics/cagrid/IdPicker/JobContext" packageName="edu.umn.msi.tropix.proteomics.cagrid.idpicker.jobcontext" xsi:type="ns3:ServiceType">
   <ns18:Methods xsi:type="ns18:MethodsType" xmlns:ns18="gme://gov.nih.nci.cagrid.introduce/1/Methods">
    <ns18:Method isImported="true" isProvided="true" name="Destroy" xsi:type="ns18:MethodType">
     <ns18:Output qName="void" isArray="false"/>
     <ns18:ImportInformation fromIntroduce="false" inputMessage="ns19:DestroyRequest" namespace="http://docs.oasis-open.org/wsrf/2004/06/wsrf-WS-ResourceLifetime-1.2-draft-01.wsdl" outputMessage="ns19:DestroyResponse" packageName="org.oasis.wsrf.lifetime" portTypeName="ImmediateResourceTermination" wsdlFile="../wsrf/lifetime/WS-ResourceLifetime.wsdl" xmlns:ns19="http://docs.oasis-open.org/wsrf/2004/06/wsrf-WS-ResourceLifetime-1.2-draft-01.wsdl"/>
     <ns18:ProviderInformation providerClass="DestroyProvider"/>
    </ns18:Method>
    <ns18:Method isImported="true" isProvided="true" name="SetTerminationTime" xsi:type="ns18:MethodType">
     <ns18:Output qName="void" isArray="false"/>
     <ns18:ImportInformation fromIntroduce="false" inputMessage="ns20:SetTerminationTimeRequest" namespace="http://docs.oasis-open.org/wsrf/2004/06/wsrf-WS-ResourceLifetime-1.2-draft-01.wsdl" outputMessage="ns20:SetTerminationTimeResponse" packageName="org.oasis.wsrf.lifetime" portTypeName="ScheduledResourceTermination" wsdlFile="../wsrf/lifetime/WS-ResourceLifetime.wsdl" xmlns:ns20="http://docs.oasis-open.org/wsrf/2004/06/wsrf-WS-ResourceLifetime-1.2-draft-01.wsdl"/>
     <ns18:ProviderInformation providerClass="SetTerminationTimeProvider"/>
    </ns18:Method>
    <ns18:Method isImported="true" isProvided="true" name="getServiceSecurityMetadata" xsi:type="ns18:MethodType">
     <ns18:Output qName="ns21:ServiceSecurityMetadata" isArray="false" isClientHandle="false" xmlns:ns21="gme://caGrid.caBIG/1.0/gov.nih.nci.cagrid.metadata.security"/>
     <ns22:MethodSecurity xsi:type="ns22:MethodSecurity" xmlns:ns22="gme://gov.nih.nci.cagrid.introduce/1/Security">
      <ns22:SecuritySetting xsi:type="ns22:SecuritySetting">None</ns22:SecuritySetting>
      <ns22:MethodAuthorization xsi:type="ns22:MethodAuthorization">
       <ns22:NoAuthorization xsi:type="ns22:NoAuthorization"/>
      </ns22:MethodAuthorization>
     </ns22:MethodSecurity>
     <ns18:ImportInformation namespace="http://security.introduce.cagrid.nci.nih.gov/ServiceSecurity" packageName="gov.nih.nci.cagrid.introduce.security.stubs" portTypeName="ServiceSecurityPortType" wsdlFile="ServiceSecurity.wsdl"/>
     <ns18:ProviderInformation providerClass="gov.nih.nci.cagrid.introduce.security.service.globus.ServiceSecurityProviderImpl"/>
    </ns18:Method>
    <ns18:Method description="" isImported="false" isProvided="false" name="submitJob" xsi:type="ns18:MethodType">
     <ns18:Inputs>
      <ns18:Input qName="ns23:transferResource" description="" isArray="true" name="arg1" xmlns:ns23="http://msi.umn.edu/tropix/transfer"/>
      <ns18:Input qName="ns24:transferResource" description="" isArray="false" name="arg2" xmlns:ns24="http://msi.umn.edu/tropix/transfer"/>
      <ns18:Input qName="ns25:credentialResource" description="" isArray="false" name="arg3" xmlns:ns25="http://msi.umn.edu/tropix/credential"/>
      <ns18:Input qName="ns26:IdPickerParameters" description="" isArray="false" name="arg4" xmlns:ns26="http://msi.umn.edu/tropix/proteomics/idpicker/parameters"/>
     </ns18:Inputs>
     <ns18:Output qName="void" description="" isArray="false"/>
    </ns18:Method>
    <ns18:Method description="" isImported="false" isProvided="false" name="getNumResults" xsi:type="ns18:MethodType">
     <ns18:Inputs/>
     <ns18:Output qName="xsd:int" description="" isArray="false" xmlns:xsd="http://www.w3.org/2001/XMLSchema"/>
    </ns18:Method>
    <ns18:Method description="" isImported="false" isProvided="false" name="getResults" xsi:type="ns18:MethodType">
     <ns18:Inputs>
      <ns18:Input qName="ns27:transferResource" description="" isArray="true" name="arg1" xmlns:ns27="http://msi.umn.edu/tropix/transfer"/>
      <ns18:Input qName="ns28:credentialResource" description="" isArray="false" name="arg2" xmlns:ns28="http://msi.umn.edu/tropix/credential"/>
     </ns18:Inputs>
     <ns18:Output qName="void" description="" isArray="false"/>
    </ns18:Method>
    <ns18:Method description="" isImported="false" isProvided="false" name="getStatus" xsi:type="ns18:MethodType">
     <ns18:Inputs/>
     <ns18:Output qName="ns29:status" description="" isArray="false" xmlns:ns29="http://msi.umn.edu/tropix/common/jobqueue/status"/>
    </ns18:Method>
    <ns18:Method description="" isImported="false" isProvided="false" name="getTicket" xsi:type="ns18:MethodType">
     <ns18:Inputs/>
     <ns18:Output qName="ns30:Ticket" description="" isArray="false" xmlns:ns30="http://msi.umn.edu/tropix/common/jobqueue/ticket"/>
    </ns18:Method>
    <ns18:Method description="" isImported="false" isProvided="false" name="cancel" xsi:type="ns18:MethodType">
     <ns18:Inputs/>
     <ns18:Output qName="void" description="" isArray="false"/>
    </ns18:Method>
   </ns18:Methods>
   <ns31:ResourcePropertiesList xsi:type="ns31:ResourcePropertiesListType" xmlns:ns31="gme://gov.nih.nci.cagrid.introduce/1/Resources">
    <ns31:ResourceProperty qName="ns32:CurrentTime" populateFromFile="false" register="false" xsi:type="ns31:ResourcePropertyType" xmlns:ns32="http://docs.oasis-open.org/wsrf/2004/06/wsrf-WS-ResourceLifetime-1.2-draft-01.xsd"/>
    <ns31:ResourceProperty qName="ns33:TerminationTime" populateFromFile="false" register="false" xsi:type="ns31:ResourcePropertyType" xmlns:ns33="http://docs.oasis-open.org/wsrf/2004/06/wsrf-WS-ResourceLifetime-1.2-draft-01.xsd"/>
    <ns31:ResourceProperty qName="ns34:Ticket" populateFromFile="false" register="true" xsi:type="ns31:ResourcePropertyType" xmlns:ns34="http://msi.umn.edu/tropix/common/jobqueue/ticket"/>
   </ns31:ResourcePropertiesList>
   <ns3:ResourceFrameworkOptions xsi:type="ns3:ResourceFrameworkOptions"/>
  </ns3:Service>
 </ns3:Services>
 <ns35:Extensions xsi:type="ns35:ExtensionsType" xmlns:ns35="gme://gov.nih.nci.cagrid.introduce/1/Extension" xmlns:xsi="http://www.w3.org/2001/XMLSchema-instance">
  <ns35:Extension name="cagrid_metadata" version="1.2" xsi:type="ns35:ExtensionType"/>
  <ns35:Extension name="jobqueue" xsi:type="ns35:ExtensionType"/>
  <ns35:Extension name="spring" xsi:type="ns35:ExtensionType"/>
 </ns35:Extensions>
 <ns36:ServiceProperties xmlns:ns36="gme://gov.nih.nci.cagrid.introduce/1/Property">
  <ns36:Property description="Location of Spring application context configuration file." isFromETC="true" key="applicationContext" value="applicationContext.xml"/>
 </ns36:ServiceProperties>
</ns1:ServiceDescription>
