<?xml version="1.0" encoding="UTF-8"?>
<jndiConfig xmlns="http://wsrf.globus.org/jndi/config">
  <service name="SERVICE-INSTANCE-PREFIX/IdPickerJobContext">
    <resource name="configuration" type="edu.umn.msi.tropix.proteomics.cagrid.idpicker.jobcontext.service.globus.resource.IdPickerJobContextResourceConfiguration">
      <resourceParams>
        <parameter>
          <name>factory</name>
          <value>org.globus.wsrf.jndi.BeanFactory</value>
        </parameter>
        <parameter>
          <name>performRegistration</name>
          <!-- Set this to false to skip ServiceGroup registration -->
          <value>PERFORM_REGISTRATION</value>
        </parameter>
        <parameter>
          <name>registrationTemplateFile</name>
          <!-- Set this to the relative path (from the container root, e.g GLOBUS_LOCATION for globus container) of the registration parameters template file (ignored if performRegistration is false) -->
          <value>ETC-PATH/IdPickerJobContext_registration.xml</value>
        </parameter>
      </resourceParams>
    </resource>
    <resource name="home" type="edu.umn.msi.tropix.proteomics.cagrid.idpicker.jobcontext.service.globus.resource.IdPickerJobContextResourceHome">
      <resourceParams>
        <parameter>
          <name>factory</name>
          <value>org.globus.wsrf.jndi.BeanFactory</value>
        </parameter>
        <parameter>
          <name>resourceClass</name>
          <value>edu.umn.msi.tropix.proteomics.cagrid.idpicker.jobcontext.service.globus.resource.IdPickerJobContextResource</value>
        </parameter>
        <parameter>
          <name>resourceKeyName</name>
          <value>{http://msi.umn.edu/tropix/proteomics/cagrid/IdPicker/JobContext}IdPickerJobContextResultsKey</value>
        </parameter>
        <parameter>
          <name>resourceKeyType</name>
          <value>java.lang.String</value>
        </parameter>
      </resourceParams>
    </resource>
    <resourceLink name="serviceconfiguration" target="java:comp/env/services/SERVICE-INSTANCE-PREFIX/IdPicker/serviceconfiguration" />
    <resourceLink name="idPickerHome" target="java:comp/env/services/SERVICE-INSTANCE-PREFIX/IdPicker/home" />
  </service>
  <service name="SERVICE-INSTANCE-PREFIX/IdPicker">
    <resource name="configuration" type="edu.umn.msi.tropix.proteomics.cagrid.idpicker.service.globus.resource.IdPickerResourceConfiguration">
      <resourceParams>
        <parameter>
          <name>factory</name>
          <value>org.globus.wsrf.jndi.BeanFactory</value>
        </parameter>
        <parameter>
          <name>performRegistration</name>
          <!-- Set this to false to skip ServiceGroup registration -->
          <value>PERFORM_REGISTRATION</value>
        </parameter>
        <parameter>
          <name>registrationTemplateFile</name>
          <!-- Set this to the relative path (from the container root, e.g GLOBUS_LOCATION for globus container) of the registration parameters template file (ignored if performRegistration is false) -->
          <value>ETC-PATH/IdPicker_registration.xml</value>
        </parameter>
        <parameter>
          <name>serviceMetadataFile</name>
          <!-- Set this to the relative path (from the container root, e.g GLOBUS_LOCATION for globus container) of the serviceMetadata extract -->
          <value>ETC-PATH/serviceMetadata.xml</value>
        </parameter>
      </resourceParams>
    </resource>
    <resource name="serviceconfiguration" type="edu.umn.msi.tropix.proteomics.cagrid.idpicker.service.IdPickerConfiguration">
      <resourceParams>
        <parameter>
          <name>factory</name>
          <value>org.globus.wsrf.jndi.BeanFactory</value>
        </parameter>
        <parameter>
          <name>etcDirectoryPath</name>
          <value>ETC-PATH</value>
        </parameter>
        <parameter>
          <name>applicationContext</name>
          <value>ETC-PATH/@applicationContext@</value>
        </parameter>
      </resourceParams>
    </resource>
    <resource name="home" type="edu.umn.msi.tropix.proteomics.cagrid.idpicker.service.globus.resource.IdPickerResourceHome">
      <resourceParams>
        <parameter>
          <name>factory</name>
          <value>org.globus.wsrf.jndi.BeanFactory</value>
        </parameter>
      </resourceParams>
    </resource>
    <resourceLink name="idPickerJobContextHome" target="java:comp/env/services/SERVICE-INSTANCE-PREFIX/IdPickerJobContext/home" />
  </service>
</jndiConfig>

