<?xml version="1.0" encoding="UTF-8" ?>
<ServiceGroupRegistrationParameters xmlns:sgc="http://mds.globus.org/servicegroup/client"
  xmlns:xsd="http://www.w3.org/2001/XMLSchema" xmlns:xsi="http://www.w3.org/2001/XMLSchema-instance"
  xmlns:wsa="http://schemas.xmlsoap.org/ws/2004/03/addressing"
  xmlns:agg="http://mds.globus.org/aggregator/types"
  xmlns="http://mds.globus.org/servicegroup/client">
  <!-- The ServiceGroupEPR defines the servicegroup to which registrations will be made -->
  <ServiceGroupEPR>
    <wsa:Address>INDEX_SERVICE_URL</wsa:Address>
  </ServiceGroupEPR>
  <!-- Specifies that the registration will be renewed every 10 minutes -->
  <RefreshIntervalSecs>REGISTRATION_REFRESH</RefreshIntervalSecs>
  <Content xsi:type="agg:AggregatorContent" xmlns:agg="http://mds.globus.org/aggregator/types">
    <agg:AggregatorConfig xsi:type="agg:AggregatorConfig">
      <agg:GetMultipleResourcePropertiesPollType
			xmlns:ns9="http://msi.umn.edu/tropix/transfer"
			xmlns:ns8="http://msi.umn.edu/tropix/common/jobqueue/status"
			xmlns:ns1="gme://caGrid.caBIG/1.0/gov.nih.nci.cagrid.metadata.security"
			xmlns:ns12="http://msi.umn.edu/tropix/proteomics/RawExtract/JobContext/types"
			xmlns:ns0="http://msi.umn.edu/tropix/proteomics/RawExtract/types"
			xmlns:ns2="gme://caGrid.caBIG/1.0/gov.nih.nci.cagrid.metadata"
			xmlns:ns5="http://transfer.cagrid.org/TransferService/Context/types"
			xmlns:ns4="http://cds.gaards.cagrid.org/CredentialDelegationService/DelegatedCredential/types"
			xmlns:ns7="http://msi.umn.edu/tropix/common/jobqueue/queueStatus"
			xmlns:xs="http://www.w3.org/2001/XMLSchema"
			xmlns:ns3="http://transfer.cagrid.org/Transfer"
			xmlns:ns6="http://msi.umn.edu/tropix/common/jobqueue/ticket"
			xmlns:ns11="http://docs.oasis-open.org/wsrf/2004/06/wsrf-WS-ResourceLifetime-1.2-draft-01.xsd"
			xmlns:ns10="http://msi.umn.edu/tropix/credential">
        <!-- Specifies that the index should refresh information
            every 300000 milliseconds (once every 5 minutes) -->
        <agg:PollIntervalMillis>INDEX_REFRESH</agg:PollIntervalMillis>
        <!-- specifies all Resource Properties that should be retrieved from the service -->
		<agg:ResourcePropertyNames>ns6:Ticket</agg:ResourcePropertyNames>
	
      </agg:GetMultipleResourcePropertiesPollType>
    </agg:AggregatorConfig>
    <agg:AggregatorData/>
  </Content>
</ServiceGroupRegistrationParameters>
