<?xml version="1.0" encoding="UTF-8"?>
<jndiConfig xmlns="http://wsrf.globus.org/jndi/config">
  <service name="SERVICE-INSTANCE-PREFIX/BowtieJobContext">
    <resource name="configuration" type="edu.umn.msi.tropix.genomics.cagrid.bowtie.jobcontext.service.globus.resource.BowtieJobContextResourceConfiguration">
      <resourceParams>
        <parameter>
          <name>factory</name>
          <value>org.globus.wsrf.jndi.BeanFactory</value>
        </parameter>
        <parameter>
          <name>performRegistration</name>
          <!-- Set this to false to skip ServiceGroup registration -->
          <value>PERFORM_REGISTRATION</value>
        </parameter>
        <parameter>
          <name>registrationTemplateFile</name>
          <!-- Set this to the relative path (from the container root, e.g GLOBUS_LOCATION for globus container) of the registration parameters template file (ignored if performRegistration is false) -->
          <value>ETC-PATH/BowtieJobContext_registration.xml</value>
        </parameter>
      </resourceParams>
    </resource>
    <resource name="home" type="edu.umn.msi.tropix.genomics.cagrid.bowtie.jobcontext.service.globus.resource.BowtieJobContextResourceHome">
      <resourceParams>
        <parameter>
          <name>factory</name>
          <value>org.globus.wsrf.jndi.BeanFactory</value>
        </parameter>
        <parameter>
          <name>resourceClass</name>
          <value>edu.umn.msi.tropix.genomics.cagrid.bowtie.jobcontext.service.globus.resource.BowtieJobContextResource</value>
        </parameter>
        <parameter>
          <name>resourceKeyName</name>
          <value>{http://msi.umn.edu/tropix/genomics/cagrid/Bowtie/JobContext}BowtieJobContextResultsKey</value>
        </parameter>
        <parameter>
          <name>resourceKeyType</name>
          <value>java.lang.String</value>
        </parameter>
      </resourceParams>
    </resource>
    <resourceLink name="serviceconfiguration" target="java:comp/env/services/SERVICE-INSTANCE-PREFIX/Bowtie/serviceconfiguration" />
    <resourceLink name="bowtieHome" target="java:comp/env/services/SERVICE-INSTANCE-PREFIX/Bowtie/home" />
  </service>
  <service name="SERVICE-INSTANCE-PREFIX/Bowtie">
    <resource name="configuration" type="edu.umn.msi.tropix.genomics.cagrid.bowtie.service.globus.resource.BowtieResourceConfiguration">
      <resourceParams>
        <parameter>
          <name>factory</name>
          <value>org.globus.wsrf.jndi.BeanFactory</value>
        </parameter>
        <parameter>
          <name>performRegistration</name>
          <!-- Set this to false to skip ServiceGroup registration -->
          <value>PERFORM_REGISTRATION</value>
        </parameter>
        <parameter>
          <name>registrationTemplateFile</name>
          <!-- Set this to the relative path (from the container root, e.g GLOBUS_LOCATION for globus container) of the registration parameters template file (ignored if performRegistration is false) -->
          <value>ETC-PATH/Bowtie_registration.xml</value>
        </parameter>
        <parameter>
          <name>serviceMetadataFile</name>
          <!-- Set this to the relative path (from the container root, e.g GLOBUS_LOCATION for globus container) of the serviceMetadata extract -->
          <value>ETC-PATH/serviceMetadata.xml</value>
        </parameter>
      </resourceParams>
    </resource>
    <resource name="serviceconfiguration" type="edu.umn.msi.tropix.genomics.cagrid.bowtie.service.BowtieConfiguration">
      <resourceParams>
        <parameter>
          <name>factory</name>
          <value>org.globus.wsrf.jndi.BeanFactory</value>
        </parameter>
        <parameter>
          <name>etcDirectoryPath</name>
          <value>ETC-PATH</value>
        </parameter>
        <parameter>
          <name>applicationContext</name>
          <value>ETC-PATH/@applicationContext@</value>
        </parameter>
      </resourceParams>
    </resource>
    <resource name="home" type="edu.umn.msi.tropix.genomics.cagrid.bowtie.service.globus.resource.BowtieResourceHome">
      <resourceParams>
        <parameter>
          <name>factory</name>
          <value>org.globus.wsrf.jndi.BeanFactory</value>
        </parameter>
      </resourceParams>
    </resource>
    <resourceLink name="bowtieJobContextHome" target="java:comp/env/services/SERVICE-INSTANCE-PREFIX/BowtieJobContext/home" />
  </service>
</jndiConfig>

