<?xml version="1.0" encoding="UTF-8"?>
<jndiConfig xmlns="http://wsrf.globus.org/jndi/config">
  <service name="SERVICE-INSTANCE-PREFIX/XTandemJobContext">
    <resource name="configuration" type="edu.umn.msi.tropix.proteomics.cagrid.xtandem.jobcontext.service.globus.resource.XTandemJobContextResourceConfiguration">
      <resourceParams>
        <parameter>
          <name>factory</name>
          <value>org.globus.wsrf.jndi.BeanFactory</value>
        </parameter>
        <parameter>
          <name>performRegistration</name>
          <!-- Set this to false to skip ServiceGroup registration -->
          <value>PERFORM_REGISTRATION</value>
        </parameter>
        <parameter>
          <name>registrationTemplateFile</name>
          <!-- Set this to the relative path (from the container root, e.g GLOBUS_LOCATION for globus container) of the registration parameters template file (ignored if performRegistration is false) -->
          <value>ETC-PATH/XTandemJobContext_registration.xml</value>
        </parameter>
      </resourceParams>
    </resource>
    <resource name="home" type="edu.umn.msi.tropix.proteomics.cagrid.xtandem.jobcontext.service.globus.resource.XTandemJobContextResourceHome">
      <resourceParams>
        <parameter>
          <name>factory</name>
          <value>org.globus.wsrf.jndi.BeanFactory</value>
        </parameter>
        <parameter>
          <name>resourceClass</name>
          <value>edu.umn.msi.tropix.proteomics.cagrid.xtandem.jobcontext.service.globus.resource.XTandemJobContextResource</value>
        </parameter>
        <parameter>
          <name>resourceKeyName</name>
          <value>{http://msi.umn.edu/tropix/proteomics/cagrid/XTandem/JobContext}XTandemJobContextResultsKey</value>
        </parameter>
        <parameter>
          <name>resourceKeyType</name>
          <value>java.lang.String</value>
        </parameter>
      </resourceParams>
    </resource>
    <resourceLink name="serviceconfiguration" target="java:comp/env/services/SERVICE-INSTANCE-PREFIX/XTandem/serviceconfiguration" />
    <resourceLink name="xTandemHome" target="java:comp/env/services/SERVICE-INSTANCE-PREFIX/XTandem/home" />
  </service>
  <service name="SERVICE-INSTANCE-PREFIX/XTandem">
    <resource name="configuration" type="edu.umn.msi.tropix.proteomics.cagrid.xtandem.service.globus.resource.XTandemResourceConfiguration">
      <resourceParams>
        <parameter>
          <name>factory</name>
          <value>org.globus.wsrf.jndi.BeanFactory</value>
        </parameter>
        <parameter>
          <name>performRegistration</name>
          <!-- Set this to false to skip ServiceGroup registration -->
          <value>PERFORM_REGISTRATION</value>
        </parameter>
        <parameter>
          <name>registrationTemplateFile</name>
          <!-- Set this to the relative path (from the container root, e.g GLOBUS_LOCATION for globus container) of the registration parameters template file (ignored if performRegistration is false) -->
          <value>ETC-PATH/XTandem_registration.xml</value>
        </parameter>
        <parameter>
          <name>serviceMetadataFile</name>
          <!-- Set this to the relative path (from the container root, e.g GLOBUS_LOCATION for globus container) of the serviceMetadata extract -->
          <value>ETC-PATH/serviceMetadata.xml</value>
        </parameter>
      </resourceParams>
    </resource>
    <resource name="serviceconfiguration" type="edu.umn.msi.tropix.proteomics.cagrid.xtandem.service.XTandemConfiguration">
      <resourceParams>
        <parameter>
          <name>factory</name>
          <value>org.globus.wsrf.jndi.BeanFactory</value>
        </parameter>
        <parameter>
          <name>etcDirectoryPath</name>
          <value>ETC-PATH</value>
        </parameter>
        <parameter>
          <name>applicationContext</name>
          <value>ETC-PATH/@applicationContext@</value>
        </parameter>
      </resourceParams>
    </resource>
    <resource name="home" type="edu.umn.msi.tropix.proteomics.cagrid.xtandem.service.globus.resource.XTandemResourceHome">
      <resourceParams>
        <parameter>
          <name>factory</name>
          <value>org.globus.wsrf.jndi.BeanFactory</value>
        </parameter>
      </resourceParams>
    </resource>
    <resourceLink name="xTandemJobContextHome" target="java:comp/env/services/SERVICE-INSTANCE-PREFIX/XTandemJobContext/home" />
  </service>
</jndiConfig>

